id,op1,op,op2,time,created_at,updated_at
1,56,x,18,43.5551860351562,2016-04-29 11:15:39 UTC,2016-04-29 11:16:23 UTC
2,46,-,60,6.1907705078125,2016-04-29 11:16:33 UTC,2016-04-29 11:16:39 UTC
3,41,+,45,6.08396166992187,2016-04-29 11:16:41 UTC,2016-04-29 11:16:48 UTC
4,48,+,41,6.827072265625,2016-04-29 11:16:49 UTC,2016-04-29 11:16:57 UTC
5,1,x,5,2.85282543945313,2016-04-29 11:16:58 UTC,2016-04-29 11:17:01 UTC
6,61,-,39,9.90318041992188,2016-04-29 11:17:03 UTC,2016-04-29 11:17:13 UTC
7,37,-,41,5.49939086914063,2016-04-29 11:17:15 UTC,2016-04-29 11:17:21 UTC
8,17,+,64,6.3617431640625,2016-04-29 11:17:23 UTC,2016-04-29 11:17:30 UTC
9,21,/,56,3.35570141601562,2016-04-29 11:17:32 UTC,2016-04-29 11:17:35 UTC
10,38,+,15,11.002033203125,2016-04-29 11:17:37 UTC,2016-04-29 11:17:48 UTC
11,73,-,63,3.27291284179688,2016-04-29 11:17:49 UTC,2016-04-29 11:17:53 UTC
12,54,x,57,25.8230361328125,2016-04-29 11:17:54 UTC,2016-04-29 11:19:22 UTC
13,60,/,69,3.67359057617188,2016-04-29 11:19:24 UTC,2016-04-29 11:19:28 UTC
14,77,-,83,6.5732138671875,2016-04-29 11:19:30 UTC,2016-04-29 11:19:37 UTC
15,32,x,50,11.0995417480469,2016-04-29 11:19:39 UTC,2016-04-29 11:19:50 UTC
16,94,-,96,3.86006079101562,2016-04-29 11:19:52 UTC,2016-04-29 11:19:56 UTC
17,83,x,94,35.3975876464844,2016-04-29 11:19:58 UTC,2016-04-29 11:20:34 UTC
18,20,+,54,4.35014501953125,2016-04-29 11:20:36 UTC,2016-04-29 11:20:41 UTC
19,64,x,8,23.1079711914063,2016-04-29 11:20:43 UTC,2016-04-29 11:21:06 UTC
20,17,/,8,4.78334545898437,2016-04-29 11:21:08 UTC,2016-04-29 11:21:13 UTC
21,27,/,19,3.62290258789062,2016-04-29 11:21:15 UTC,2016-04-29 11:21:18 UTC
22,70,/,56,5.49790185546875,2016-04-29 11:21:20 UTC,2016-04-29 11:21:26 UTC
23,18,/,75,2.77658569335938,2016-04-29 11:21:27 UTC,2016-04-29 11:21:30 UTC
24,40,x,16,7.61175317382813,2016-04-29 11:21:32 UTC,2016-04-29 11:21:40 UTC
25,95,-,5,2.87980688476563,2016-04-29 11:21:41 UTC,2016-04-29 11:21:44 UTC
26,72,x,38,69.5615947265625,2016-04-29 11:21:46 UTC,2016-04-29 11:22:56 UTC
27,55,x,1,3.24442358398437,2016-04-29 11:22:59 UTC,2016-04-29 11:23:02 UTC
28,54,-,81,28.3592731933594,2016-04-29 11:23:04 UTC,2016-04-29 11:24:24 UTC
29,46,-,93,8.4253212890625,2016-04-29 11:24:25 UTC,2016-04-29 11:24:54 UTC
30,32,+,30,3.0829541015625,2016-04-29 11:24:57 UTC,2016-04-29 11:25:00 UTC
31,32,-,48,8.8027109375,2016-04-29 11:25:02 UTC,2016-04-29 11:25:11 UTC
32,55,/,94,1.830845703125,2016-04-29 11:25:13 UTC,2016-04-29 11:25:15 UTC
33,94,+,91,5.374783203125,2016-04-29 11:25:16 UTC,2016-04-29 11:25:22 UTC
34,4,-,17,3.04966748046875,2016-04-29 11:25:43 UTC,2016-04-29 11:25:47 UTC
35,72,-,6,6.97410205078125,2016-04-29 11:25:48 UTC,2016-04-29 11:25:56 UTC
36,29,/,26,2.70264111328125,2016-04-29 11:25:58 UTC,2016-04-29 11:26:01 UTC
37,83,x,26,73.8756350097656,2016-04-29 11:26:02 UTC,2016-04-29 11:27:17 UTC
38,65,x,64,23.9582932128906,2016-04-29 11:27:18 UTC,2016-04-29 11:30:11 UTC
39,8,x,78,41.7818654785156,2016-04-29 11:30:14 UTC,2016-04-29 11:30:56 UTC
40,23,-,33,2.69179321289062,2016-04-29 11:30:59 UTC,2016-04-29 11:31:02 UTC
41,62,x,63,53.0556872558594,2016-04-29 11:31:04 UTC,2016-04-29 11:31:58 UTC
42,64,x,93,10.9109365234375,2016-04-29 11:32:00 UTC,2016-04-29 11:32:11 UTC
43,22,-,62,4.1026875,2016-04-29 11:32:14 UTC,2016-04-29 11:32:18 UTC
44,69,-,67,2.6250625,2016-04-29 11:32:20 UTC,2016-04-29 11:32:23 UTC
45,91,+,53,4.54879516601563,2016-04-29 11:32:25 UTC,2016-04-29 11:32:30 UTC
46,50,+,44,2.7376689453125,2016-04-29 11:32:32 UTC,2016-04-29 11:32:35 UTC
47,84,+,68,11.1365217285156,2016-04-29 11:32:37 UTC,2016-04-29 11:32:48 UTC
48,19,+,63,3.70856689453125,2016-04-29 11:32:50 UTC,2016-04-29 11:32:54 UTC
49,8,-,63,7.52413354492187,2016-04-29 11:32:56 UTC,2016-04-29 11:33:04 UTC
50,7,+,49,3.99920556640625,2016-04-29 11:33:07 UTC,2016-04-29 11:33:11 UTC
51,87,+,85,10.5071364746094,2016-04-29 11:33:12 UTC,2016-04-29 13:12:40 UTC
52,70,x,30,4.9163955078125,2016-04-29 13:12:42 UTC,2016-04-29 13:12:47 UTC
53,17,-,10,3.01479736328125,2016-04-29 13:12:49 UTC,2016-04-29 13:12:52 UTC
54,46,+,74,7.56612963867187,2016-04-29 13:12:54 UTC,2016-04-29 13:13:02 UTC
55,60,x,11,7.31688696289063,2016-04-29 13:13:03 UTC,2016-04-29 13:13:11 UTC
56,39,x,73,46.994197265625,2016-04-29 13:13:13 UTC,2016-04-29 13:14:00 UTC
57,11,-,97,3.32338745117187,2016-04-29 13:14:02 UTC,2016-04-29 13:14:13 UTC
58,69,+,88,11.0809802246094,2016-04-29 13:14:15 UTC,2016-04-29 13:14:27 UTC
59,70,x,14,7.54838232421875,2016-04-29 13:14:29 UTC,2016-04-29 13:14:37 UTC
60,99,/,46,3.47213989257813,2016-04-29 13:14:38 UTC,2016-04-29 13:14:42 UTC
61,94,x,42,13.7079741210938,2016-04-29 13:14:44 UTC,2016-04-29 13:15:54 UTC
62,8,+,3,4.06499145507813,2016-04-29 13:15:55 UTC,2016-04-29 13:16:00 UTC
63,18,x,15,10.9453293457031,2016-04-29 13:16:02 UTC,2016-04-29 13:16:27 UTC
64,57,-,8,2.76143725585937,2016-04-29 13:16:29 UTC,2016-04-29 13:16:32 UTC
65,27,/,61,2.07222534179687,2016-04-29 13:16:34 UTC,2016-04-29 13:16:37 UTC
66,13,-,43,3.88326953125,2016-04-29 13:16:38 UTC,2016-04-29 13:16:43 UTC
67,10,x,87,2.21974389648437,2016-04-29 13:16:44 UTC,2016-04-29 13:16:47 UTC
68,44,x,84,8.30089111328125,2016-04-29 13:16:48 UTC,2016-04-29 13:16:57 UTC
69,54,-,8,3.26835888671875,2016-04-29 13:16:59 UTC,2016-04-29 13:17:02 UTC
70,48,-,26,5.07466674804687,2016-04-29 13:17:04 UTC,2016-04-29 13:17:09 UTC
71,20,/,1,1.69190698242188,2016-04-29 13:17:11 UTC,2016-04-29 13:17:13 UTC
72,4,/,24,1.58829174804688,2016-04-29 13:17:15 UTC,2016-04-29 13:17:16 UTC
73,59,-,34,3.97533056640625,2016-04-29 13:17:18 UTC,2016-04-29 13:17:22 UTC
74,25,x,14,6.80899047851563,2016-04-29 13:17:23 UTC,2016-04-29 13:17:30 UTC
75,7,+,65,3.94664282226563,2016-04-29 13:17:32 UTC,2016-04-29 13:17:36 UTC
76,55,+,13,3.54045166015625,2016-04-29 13:17:38 UTC,2016-04-29 13:17:41 UTC
77,30,+,8,2.51142846679687,2016-04-29 13:17:43 UTC,2016-04-29 13:17:46 UTC
78,8,x,60,3.4158427734375,2016-04-29 13:17:47 UTC,2016-04-29 13:17:51 UTC
79,92,/,93,2.10531982421875,2016-04-29 13:17:53 UTC,2016-04-29 13:17:55 UTC
80,59,x,37,17.8624921875,2016-04-29 13:17:56 UTC,2016-04-29 13:18:14 UTC
81,24,x,55,10.7683481445313,2016-04-29 13:18:16 UTC,2016-04-29 13:18:27 UTC
82,48,+,55,4.82165625,2016-04-29 13:18:29 UTC,2016-04-29 13:18:34 UTC
83,3,+,54,5.29987451171875,2016-04-29 13:18:36 UTC,2016-04-29 13:18:41 UTC
84,95,/,89,2.316203125,2016-04-29 13:18:44 UTC,2016-04-29 13:18:46 UTC
85,81,-,87,3.64588989257813,2016-04-29 13:18:48 UTC,2016-04-29 13:18:52 UTC
86,32,x,6,7.72699487304688,2016-04-29 13:18:54 UTC,2016-04-29 13:19:02 UTC
87,18,+,56,4.9993447265625,2016-04-29 13:19:06 UTC,2016-04-29 13:19:11 UTC
88,34,-,83,10.809177734375,2016-04-29 13:19:13 UTC,2016-04-29 13:19:24 UTC
89,95,/,93,3.410814453125,2016-04-29 13:19:26 UTC,2016-04-29 13:19:29 UTC
90,32,+,58,8.98578344726563,2016-04-29 13:19:31 UTC,2016-04-29 13:19:40 UTC
91,37,+,94,7.73865893554687,2016-04-29 13:19:42 UTC,2016-04-29 13:19:49 UTC
92,64,x,38,43.3282980957031,2016-04-29 13:19:51 UTC,2016-04-29 13:20:34 UTC
93,45,-,24,5.53868334960938,2016-04-29 13:20:36 UTC,2016-04-29 13:20:42 UTC
94,61,-,89,11.4675698242187,2016-04-29 13:20:44 UTC,2016-04-29 13:20:55 UTC
95,21,x,36,14.6472768554687,2016-04-29 13:20:57 UTC,2016-04-29 13:21:12 UTC
96,17,+,46,6.84576831054687,2016-04-29 13:21:14 UTC,2016-04-29 13:21:21 UTC
97,17,x,27,29.7030922851562,2016-04-29 13:21:22 UTC,2016-04-29 13:21:52 UTC
98,35,/,54,2.82810498046875,2016-04-29 13:21:54 UTC,2016-04-29 13:21:57 UTC
99,81,x,19,48.5769782714844,2016-04-29 13:21:58 UTC,2016-04-29 13:22:47 UTC
100,39,/,18,2.23916943359375,2016-04-29 13:22:49 UTC,2016-04-29 13:22:52 UTC
101,59,+,24,12.5640244140625,2016-04-29 13:22:53 UTC,2016-04-29 13:23:06 UTC
102,23,+,85,7.22906909179687,2016-04-29 13:23:07 UTC,2016-04-29 13:23:15 UTC
103,77,/,38,2.380390625,2016-04-29 13:23:17 UTC,2016-04-29 13:23:20 UTC
104,51,/,89,2.68406420898437,2016-04-29 14:16:49 UTC,2016-04-29 14:16:52 UTC
105,28,+,82,12.2069975585938,2016-04-29 14:16:54 UTC,2016-04-29 14:17:06 UTC
106,89,-,56,5.61545678710938,2016-04-29 14:17:09 UTC,2016-04-29 14:17:14 UTC
107,62,/,27,5.72802954101562,2016-04-29 14:17:17 UTC,2016-04-29 14:17:22 UTC
108,62,-,27,10.6778767089844,2016-04-29 14:17:24 UTC,2016-04-29 14:17:57 UTC
109,84,-,45,7.36448583984375,2016-04-29 14:18:00 UTC,2016-04-29 14:18:08 UTC
110,50,-,74,83.7194692382812,2016-04-29 14:18:11 UTC,2016-04-29 14:19:35 UTC
111,55,/,38,2.71281909179688,2016-04-29 14:19:37 UTC,2016-04-29 14:19:40 UTC
112,23,+,84,6.58223510742187,2016-04-29 14:19:42 UTC,2016-04-29 14:19:49 UTC
113,80,/,21,2.8104921875,2016-04-29 14:19:51 UTC,2016-04-29 14:19:54 UTC
114,37,+,50,2.58974560546875,2016-04-29 14:19:56 UTC,2016-04-29 14:19:59 UTC
115,53,x,34,29.7884909667969,2016-04-29 14:20:01 UTC,2016-04-29 14:20:31 UTC
116,5,x,52,6.57966015625,2016-04-29 14:20:33 UTC,2016-04-29 14:20:40 UTC
117,8,+,7,7.60131176757813,2016-04-29 14:20:41 UTC,2016-04-29 14:20:49 UTC
118,50,/,19,2.72133764648438,2016-04-29 14:20:51 UTC,2016-04-29 14:20:54 UTC
119,68,/,82,2.528390625,2016-04-29 16:40:29 UTC,2016-04-29 16:40:32 UTC
120,30,/,82,1.4913349609375,2016-04-29 16:40:34 UTC,2016-04-29 16:40:36 UTC
121,27,x,84,37.8736936035156,2016-04-29 16:40:37 UTC,2016-04-29 16:41:15 UTC
122,2,x,88,5.53813891601563,2016-04-29 16:41:19 UTC,2016-04-29 16:41:25 UTC
123,84,-,41,4.4824951171875,2016-04-29 16:41:27 UTC,2016-04-29 16:41:31 UTC
124,92,x,37,51.798966796875,2016-04-29 16:41:33 UTC,2016-04-29 16:43:07 UTC
125,28,+,85,8.2040107421875,2016-04-29 16:43:10 UTC,2016-04-29 16:43:18 UTC
126,61,+,55,2.96032983398438,2016-04-29 16:43:20 UTC,2016-04-29 16:43:35 UTC
127,49,+,81,7.36350366210938,2016-04-29 16:43:37 UTC,2016-04-29 16:43:44 UTC
128,41,-,85,6.5332021484375,2016-04-29 16:43:46 UTC,2016-04-29 16:43:53 UTC
129,86,+,49,11.8075073242188,2016-04-29 16:43:55 UTC,2016-04-29 16:44:35 UTC
130,29,-,24,2.01669702148437,2016-04-29 16:44:37 UTC,2016-04-29 16:44:39 UTC
131,40,+,38,3.25005102539063,2016-04-29 16:44:51 UTC,2016-04-29 16:44:54 UTC
132,66,+,52,1.9511953125,2016-04-29 16:44:57 UTC,2016-04-29 16:45:23 UTC
133,31,x,8,6.8129990234375,2016-04-29 16:45:25 UTC,2016-04-29 16:45:32 UTC
134,1,+,84,3.55673559570312,2016-04-29 16:45:33 UTC,2016-04-29 16:45:41 UTC
135,3,/,63,1.7018798828125,2016-04-29 16:45:43 UTC,2016-04-29 16:45:45 UTC
136,34,x,62,9.15526684570312,2016-04-29 16:45:46 UTC,2016-04-29 16:46:41 UTC
137,95,/,33,2.48436962890625,2016-04-29 16:46:43 UTC,2016-04-29 16:46:45 UTC
138,93,+,56,10.0979958496094,2016-04-29 16:46:47 UTC,2016-04-29 16:46:57 UTC
139,87,-,23,4.58684692382812,2016-04-29 16:46:59 UTC,2016-04-29 16:47:04 UTC
140,97,/,68,1.77969409179688,2016-04-29 16:47:18 UTC,2016-04-29 16:47:20 UTC
141,25,x,36,10.4008244628906,2016-04-29 16:47:22 UTC,2016-04-29 16:47:42 UTC
142,2,-,50,2.54978662109375,2016-04-29 16:47:44 UTC,2016-04-29 16:47:47 UTC
143,4,/,46,1.52592431640625,2016-04-29 16:47:48 UTC,2016-04-29 16:47:50 UTC
144,63,/,75,1.79723022460937,2016-04-29 16:47:52 UTC,2016-04-29 16:47:54 UTC
145,98,+,18,3.68936791992187,2016-04-29 16:47:56 UTC,2016-04-29 16:48:00 UTC
146,82,x,4,11.1565124511719,2016-04-29 16:48:01 UTC,2016-04-29 16:48:13 UTC
147,61,/,3,10.8077604980469,2016-04-29 16:48:14 UTC,2016-04-29 16:48:25 UTC
148,11,/,0,0.0,2016-04-29 16:48:27 UTC,2016-04-29 16:48:27 UTC
149,24,/,25,2.2605205078125,2016-04-29 16:49:32 UTC,2016-04-29 16:49:35 UTC
150,63,+,64,4.92334619140625,2016-04-29 16:49:36 UTC,2016-04-29 16:49:41 UTC
151,94,x,85,19.9010129394531,2016-04-29 16:49:43 UTC,2016-04-29 16:50:03 UTC
152,77,+,79,10.9606284179687,2016-04-29 16:50:05 UTC,2016-04-29 16:50:16 UTC
153,60,+,17,2.55582592773438,2016-04-29 16:50:18 UTC,2016-04-29 16:50:21 UTC
154,23,/,55,2.53810107421875,2016-04-29 16:50:22 UTC,2016-04-29 16:50:25 UTC
155,98,/,88,1.89286499023438,2016-04-29 16:50:26 UTC,2016-04-29 16:50:29 UTC
156,85,+,16,23.1716166992187,2016-04-29 16:50:30 UTC,2016-04-29 16:50:53 UTC
157,21,-,42,2.95380395507813,2016-04-29 16:50:55 UTC,2016-04-29 16:50:58 UTC
158,74,-,96,2.29838256835937,2016-04-29 16:51:00 UTC,2016-04-29 16:51:08 UTC
159,95,/,78,3.36867602539062,2016-04-29 16:51:09 UTC,2016-04-29 16:51:13 UTC
160,41,-,21,2.04807006835938,2016-04-29 16:51:15 UTC,2016-04-29 16:51:17 UTC
161,93,-,70,1.73471459960937,2016-04-29 16:51:18 UTC,2016-04-29 16:51:20 UTC
162,60,-,17,0.0,2016-04-29 16:51:22 UTC,2016-04-29 16:51:22 UTC
163,31,x,69,22.3685703125,2016-04-29 16:51:22 UTC,2016-04-29 16:51:45 UTC
164,1,+,99,1.6634130859375,2016-04-29 16:51:47 UTC,2016-04-29 16:51:49 UTC
165,44,x,96,13.8687583007813,2016-04-29 16:51:50 UTC,2016-04-29 16:52:04 UTC
166,29,-,1,1.94784497070312,2016-04-29 16:52:06 UTC,2016-04-29 16:52:08 UTC
167,58,x,57,16.9468491210937,2016-04-29 16:52:10 UTC,2016-04-29 16:52:27 UTC
168,82,-,88,2.47134521484375,2016-04-29 16:52:29 UTC,2016-04-29 16:52:31 UTC
169,79,-,98,11.7412370605469,2016-04-29 16:52:33 UTC,2016-04-29 16:53:00 UTC
170,35,x,33,23.1384770507813,2016-04-29 16:53:02 UTC,2016-04-29 16:53:25 UTC
171,89,-,64,3.69016528320312,2016-04-29 16:53:28 UTC,2016-04-29 16:53:31 UTC
172,28,/,31,1.4953447265625,2016-04-29 16:53:33 UTC,2016-04-29 16:53:35 UTC
173,82,/,66,2.092888671875,2016-04-29 16:53:36 UTC,2016-04-29 16:53:39 UTC
174,9,/,77,1.40184741210937,2016-04-29 16:53:40 UTC,2016-04-29 16:53:42 UTC
175,59,+,5,3.87070483398437,2016-04-29 16:53:43 UTC,2016-04-29 16:53:47 UTC
176,3,x,6,2.29060498046875,2016-04-29 16:53:49 UTC,2016-04-29 16:53:51 UTC
177,32,-,47,5.34170556640625,2016-04-29 16:53:53 UTC,2016-04-29 16:53:59 UTC
178,57,x,10,3.22817114257812,2016-04-29 16:54:00 UTC,2016-04-29 16:54:04 UTC
179,53,-,18,7.8361376953125,2016-04-29 16:54:05 UTC,2016-04-29 16:54:13 UTC
180,1,-,17,2.6841298828125,2016-04-29 16:54:14 UTC,2016-04-29 16:54:17 UTC
181,9,/,76,1.490279296875,2016-04-29 16:54:19 UTC,2016-04-29 16:54:21 UTC
182,60,+,50,5.6353759765625,2016-04-29 16:54:22 UTC,2016-04-29 16:54:28 UTC
183,5,x,22,4.80238452148437,2016-04-29 16:54:30 UTC,2016-04-29 16:54:35 UTC
184,45,/,39,2.25925927734375,2016-04-29 16:54:36 UTC,2016-04-29 16:54:39 UTC
185,48,-,29,5.067927734375,2016-04-29 16:54:41 UTC,2016-04-29 16:54:46 UTC
186,44,x,18,22.7882080078125,2016-04-29 16:54:48 UTC,2016-04-29 16:55:38 UTC
187,36,/,73,1.93295874023438,2016-04-29 16:56:26 UTC,2016-04-29 16:56:28 UTC
188,50,-,60,2.49486254882813,2016-04-29 16:56:29 UTC,2016-04-29 16:56:32 UTC
189,13,+,99,2.67481591796875,2016-04-29 16:56:34 UTC,2016-04-29 16:56:37 UTC
190,44,+,57,0.0,2016-04-29 16:56:39 UTC,2016-04-29 16:56:39 UTC
191,52,/,71,1.62412963867188,2016-04-29 16:56:39 UTC,2016-04-29 16:56:41 UTC
192,61,-,33,14.8950275878906,2016-04-29 16:56:42 UTC,2016-04-29 16:56:57 UTC
193,8,x,58,21.8152360839844,2016-04-29 16:56:59 UTC,2016-04-29 16:57:21 UTC
194,29,-,71,8.26173779296875,2016-04-29 16:57:22 UTC,2016-04-29 16:57:31 UTC
195,10,+,16,2.15732470703125,2016-04-29 16:57:33 UTC,2016-04-29 16:57:35 UTC
196,10,-,45,2.7078515625,2016-04-29 16:57:36 UTC,2016-04-29 16:57:39 UTC
197,21,/,99,1.54879565429688,2016-04-29 16:57:41 UTC,2016-04-29 16:57:43 UTC
198,97,-,33,3.62786108398437,2016-04-29 16:57:44 UTC,2016-04-29 16:57:48 UTC
199,84,-,10,1.98075073242187,2016-04-29 16:57:50 UTC,2016-04-29 16:57:52 UTC
200,29,-,2,2.23998706054687,2016-04-29 16:57:53 UTC,2016-04-29 16:57:56 UTC
201,38,-,68,2.62107397460937,2016-04-29 16:57:57 UTC,2016-04-29 16:58:06 UTC
202,48,+,81,2.1544521484375,2016-04-29 16:58:08 UTC,2016-04-29 16:58:19 UTC
203,21,-,84,7.26177685546875,2016-04-29 16:58:20 UTC,2016-04-29 16:58:28 UTC
204,27,/,16,3.69233862304687,2016-04-29 16:58:29 UTC,2016-04-29 16:58:33 UTC
205,40,-,63,2.83263110351563,2016-04-29 16:58:35 UTC,2016-04-29 16:58:38 UTC
206,16,+,77,8.55307592773437,2016-04-29 17:07:46 UTC,2016-04-29 17:07:55 UTC
207,49,-,32,9.31458154296875,2016-04-29 19:35:59 UTC,2016-04-29 19:36:09 UTC
208,95,+,7,3.464974609375,2016-04-29 19:36:27 UTC,2016-04-29 19:36:37 UTC
209,46,-,89,2.6243271484375,2016-04-29 20:14:00 UTC,2016-04-29 20:14:10 UTC
210,66,/,68,1.99453491210937,2016-04-29 20:14:12 UTC,2016-04-29 20:14:15 UTC
211,99,x,83,14.9046123046875,2016-04-29 20:14:17 UTC,2016-04-29 20:14:32 UTC
212,35,-,72,17.446,2016-04-29 20:14:37 UTC,2016-04-29 20:14:54 UTC
213,79,-,68,4.02997534179687,2016-04-29 20:14:57 UTC,2016-04-29 20:15:01 UTC
214,81,+,86,4.62809008789062,2016-04-29 20:16:08 UTC,2016-04-29 20:16:13 UTC
215,88,/,2,2.2244169921875,2016-04-29 20:16:17 UTC,2016-04-29 20:16:19 UTC
216,25,+,28,3.67383569335938,2016-04-29 20:16:22 UTC,2016-04-29 20:16:25 UTC
217,78,-,24,6.44859936523437,2016-04-29 20:16:27 UTC,2016-04-29 20:16:34 UTC
218,83,-,39,6.71076806640625,2016-04-29 20:16:36 UTC,2016-04-29 20:16:43 UTC
219,67,+,17,5.43706127929688,2016-04-29 20:16:45 UTC,2016-04-29 20:16:51 UTC
220,31,/,21,8.2329384765625,2016-04-29 20:16:53 UTC,2016-04-29 20:17:02 UTC
221,27,/,51,10.6252297363281,2016-04-29 20:17:11 UTC,2016-04-29 20:17:21 UTC
222,18,-,100,4.36624780273438,2016-04-29 20:17:24 UTC,2016-04-29 20:17:29 UTC
223,44,/,71,1.76248046875,2016-04-29 20:17:31 UTC,2016-04-29 20:17:33 UTC
224,33,+,81,5.67370556640625,2016-04-29 20:17:35 UTC,2016-04-29 20:17:41 UTC
225,71,-,16,4.8845439453125,2016-05-03 13:07:24 UTC,2016-05-03 13:07:29 UTC
226,86,+,1,2.024533203125,2016-05-03 13:07:31 UTC,2016-05-03 13:07:33 UTC
227,66,-,36,3.66512866210938,2016-05-03 13:07:35 UTC,2016-05-03 13:07:39 UTC
228,4,x,92,13.7855751953125,2016-05-03 13:07:45 UTC,2016-05-03 13:07:59 UTC
229,57,x,7,17.6680012207031,2016-05-03 13:08:00 UTC,2016-05-03 13:08:18 UTC
230,20,x,44,3.61321899414063,2016-05-03 13:08:20 UTC,2016-05-03 13:08:24 UTC
231,75,/,54,2.16045385742187,2016-05-03 13:08:25 UTC,2016-05-03 13:08:27 UTC
232,57,x,42,19.1027297363281,2016-05-03 13:08:29 UTC,2016-05-03 13:08:48 UTC
233,69,/,8,3.714255859375,2016-05-03 13:08:50 UTC,2016-05-03 13:08:54 UTC
234,14,x,51,16.5653518066406,2016-05-03 13:08:56 UTC,2016-05-03 13:09:12 UTC
235,16,+,34,3.88778247070312,2016-05-03 13:09:14 UTC,2016-05-03 13:09:18 UTC
236,53,-,43,3.03789672851563,2016-05-03 13:09:20 UTC,2016-05-03 13:09:23 UTC
237,2,/,46,1.386470703125,2016-05-03 13:09:24 UTC,2016-05-03 13:09:26 UTC
238,33,/,49,1.58139624023438,2016-05-03 13:09:27 UTC,2016-05-03 13:09:29 UTC
239,73,+,10,1.95377172851563,2016-05-03 13:09:30 UTC,2016-05-03 13:09:33 UTC
240,76,/,90,0.0,2016-05-03 13:09:35 UTC,2016-05-03 13:09:35 UTC
241,65,/,12,1.74334399414063,2016-05-03 13:09:35 UTC,2016-05-03 13:09:40 UTC
242,3,x,78,8.5185244140625,2016-05-03 13:09:41 UTC,2016-05-03 13:10:28 UTC
243,1,-,94,2.87329345703125,2016-05-03 13:10:30 UTC,2016-05-03 13:10:33 UTC
244,68,-,8,2.15652661132812,2016-05-03 13:10:34 UTC,2016-05-03 13:10:37 UTC
245,36,x,39,24.3346921386719,2016-05-03 13:10:38 UTC,2016-05-03 13:11:03 UTC
246,34,/,6,3.58917065429688,2016-05-03 13:11:04 UTC,2016-05-03 13:11:08 UTC
247,77,-,28,4.87275756835937,2016-05-03 13:11:09 UTC,2016-05-03 13:11:15 UTC
248,73,-,72,0.0,2016-05-03 13:11:16 UTC,2016-05-03 13:11:16 UTC
249,70,+,39,2.759083984375,2016-05-03 13:11:17 UTC,2016-05-03 13:11:20 UTC
250,99,/,38,2.4686025390625,2016-05-03 13:11:21 UTC,2016-05-03 13:11:24 UTC
251,12,x,59,30.8387697753906,2016-05-03 13:11:25 UTC,2016-05-03 13:12:31 UTC
252,74,-,65,2.5414365234375,2016-05-03 13:12:32 UTC,2016-05-03 13:12:35 UTC
253,69,x,18,16.3584375,2016-05-03 13:12:37 UTC,2016-05-03 13:13:29 UTC
254,36,+,69,8.39980615234375,2016-05-03 13:13:31 UTC,2016-05-03 13:13:39 UTC
255,13,/,51,0.0,2016-05-03 13:13:41 UTC,2016-05-03 13:13:41 UTC
256,9,x,51,12.5289851074219,2016-05-03 13:13:42 UTC,2016-05-03 13:13:54 UTC
257,72,-,47,6.3784345703125,2016-05-03 13:13:56 UTC,2016-05-03 13:14:02 UTC
258,89,/,97,1.7686181640625,2016-05-03 13:14:04 UTC,2016-05-03 13:14:06 UTC
259,38,-,89,12.2164560546875,2016-05-03 13:14:07 UTC,2016-05-03 13:14:19 UTC
260,45,x,31,20.3738022460937,2016-05-03 13:14:21 UTC,2016-05-03 13:14:42 UTC
261,75,-,68,0.0,2016-05-03 13:14:44 UTC,2016-05-03 13:14:44 UTC
262,73,+,26,3.34738989257812,2016-05-03 13:14:44 UTC,2016-05-03 13:14:48 UTC
263,76,+,69,7.05604956054688,2016-05-03 13:14:49 UTC,2016-05-03 13:14:56 UTC
264,87,/,55,2.29206762695312,2016-05-03 13:14:58 UTC,2016-05-03 13:15:00 UTC
265,82,-,81,1.803314453125,2016-05-03 13:15:02 UTC,2016-05-03 13:15:04 UTC
266,41,x,57,14.0488276367187,2016-05-03 13:15:05 UTC,2016-05-03 13:15:39 UTC
267,8,-,17,2.89966040039063,2016-05-03 13:15:41 UTC,2016-05-03 13:15:44 UTC
268,37,+,37,4.2459150390625,2016-05-03 13:15:45 UTC,2016-05-03 13:15:50 UTC
269,47,/,53,1.80302758789063,2016-05-03 13:15:51 UTC,2016-05-03 13:15:53 UTC
270,51,-,98,5.15201538085937,2016-05-03 13:15:54 UTC,2016-05-03 13:16:00 UTC
271,24,+,5,1.94414599609375,2016-05-03 13:16:01 UTC,2016-05-03 13:16:06 UTC
272,43,-,4,2.23671411132813,2016-05-03 13:16:08 UTC,2016-05-03 13:16:10 UTC
273,74,x,58,17.54646875,2016-05-03 13:16:11 UTC,2016-05-03 13:16:29 UTC
274,4,x,11,2.22163549804687,2016-05-03 13:16:31 UTC,2016-05-03 13:16:34 UTC
275,47,x,14,18.8562883300781,2016-05-03 13:16:35 UTC,2016-05-03 13:16:54 UTC
276,79,/,57,2.44591479492188,2016-05-03 13:16:56 UTC,2016-05-03 13:16:59 UTC
277,86,/,23,4.56725903320312,2016-05-03 13:17:03 UTC,2016-05-03 13:17:08 UTC
278,92,x,29,17.8003366699219,2016-05-03 13:17:13 UTC,2016-05-03 13:17:31 UTC
279,2,x,88,8.45764184570312,2016-05-03 13:17:33 UTC,2016-05-03 13:17:41 UTC
280,47,+,94,6.49251196289063,2016-05-03 13:17:42 UTC,2016-05-03 13:17:49 UTC
281,58,+,12,0.0,2016-05-03 13:17:51 UTC,2016-05-03 13:17:51 UTC
282,36,/,53,1.54293383789062,2016-05-03 13:17:51 UTC,2016-05-03 13:17:53 UTC
283,10,-,67,2.82324340820312,2016-05-03 13:17:54 UTC,2016-05-03 13:17:57 UTC
284,45,/,22,2.7034404296875,2016-05-03 13:17:59 UTC,2016-05-03 13:18:02 UTC
285,90,x,40,3.19385864257813,2016-05-03 13:18:03 UTC,2016-05-03 13:18:07 UTC
286,46,-,30,1.94150048828125,2016-05-03 13:18:08 UTC,2016-05-03 13:18:10 UTC
287,94,/,43,2.31242993164062,2016-05-03 13:18:11 UTC,2016-05-03 13:18:14 UTC
288,88,x,83,20.6525471191406,2016-05-03 13:18:15 UTC,2016-05-03 13:18:36 UTC
289,64,/,65,1.72817651367187,2016-05-03 13:18:38 UTC,2016-05-03 13:18:40 UTC
290,57,+,8,2.88098266601562,2016-05-03 13:18:41 UTC,2016-05-03 13:18:44 UTC
291,57,-,16,0.0,2016-05-03 13:18:45 UTC,2016-05-03 13:18:45 UTC
292,83,/,41,1.78614013671875,2016-05-03 13:18:46 UTC,2016-05-03 13:18:48 UTC
293,65,+,7,3.48535498046875,2016-05-03 13:18:49 UTC,2016-05-03 13:18:53 UTC
294,66,+,23,4.78289013671875,2016-05-03 13:18:55 UTC,2016-05-03 13:19:00 UTC
295,83,-,61,4.10125366210938,2016-05-03 13:19:03 UTC,2016-05-03 13:19:07 UTC
296,37,x,55,20.0418217773437,2016-05-03 13:19:08 UTC,2016-05-03 13:19:28 UTC
297,28,+,85,0.0,2016-05-03 13:19:30 UTC,2016-05-03 13:19:30 UTC
298,12,-,15,2.16700268554687,2016-05-03 13:19:31 UTC,2016-05-03 13:19:33 UTC
299,18,x,50,6.17266821289062,2016-05-03 13:19:34 UTC,2016-05-03 13:19:41 UTC
300,43,/,65,1.69423559570312,2016-05-03 13:19:42 UTC,2016-05-03 13:19:44 UTC
301,12,+,44,5.55630395507812,2016-05-03 13:19:45 UTC,2016-05-03 13:19:51 UTC
302,38,/,74,1.51426953125,2016-05-03 13:19:52 UTC,2016-05-03 13:19:54 UTC
303,69,+,35,13.018041015625,2016-05-03 13:19:55 UTC,2016-05-03 13:20:08 UTC
304,88,x,29,26.8832053222656,2016-05-03 13:20:10 UTC,2016-05-03 13:20:37 UTC
305,80,+,33,4.72979418945313,2016-05-03 13:20:38 UTC,2016-05-03 13:20:43 UTC
306,7,-,18,2.49883227539063,2016-05-03 13:20:45 UTC,2016-05-03 13:20:51 UTC
307,94,+,41,7.75920703125,2016-05-03 13:20:52 UTC,2016-05-03 13:21:00 UTC
308,11,+,42,3.506259765625,2016-05-03 13:21:02 UTC,2016-05-03 13:21:06 UTC
309,75,/,1,2.39844873046875,2016-05-03 13:21:07 UTC,2016-05-03 13:21:10 UTC
310,18,+,9,2.72672412109375,2016-05-03 13:21:11 UTC,2016-05-03 13:21:14 UTC
311,79,/,10,2.34919946289062,2016-05-03 13:21:15 UTC,2016-05-03 13:21:18 UTC
312,36,x,83,0.0,2016-05-03 13:21:19 UTC,2016-05-03 13:21:19 UTC
313,64,x,75,35.2666101074219,2016-05-03 13:21:20 UTC,2016-05-03 13:21:55 UTC
314,79,x,83,37.5890441894531,2016-05-03 13:21:57 UTC,2016-05-03 13:22:35 UTC
315,27,x,76,36.6403391113281,2016-05-03 13:22:36 UTC,2016-05-03 13:23:13 UTC
316,49,-,47,1.75776049804688,2016-05-03 13:23:16 UTC,2016-05-03 13:23:18 UTC
317,47,/,96,1.62249780273438,2016-05-03 13:23:20 UTC,2016-05-03 13:23:22 UTC
318,25,x,6,6.82166625976562,2016-05-03 13:23:23 UTC,2016-05-03 13:23:30 UTC
319,42,/,67,1.77273315429687,2016-05-03 13:23:32 UTC,2016-05-03 13:23:34 UTC
320,79,x,48,20.8351489257813,2016-05-03 13:23:36 UTC,2016-05-03 13:23:57 UTC
321,32,x,85,12.2331811523438,2016-05-03 13:23:59 UTC,2016-05-03 13:24:11 UTC
322,71,/,38,1.75056079101562,2016-05-03 13:24:13 UTC,2016-05-03 13:24:18 UTC
323,0,+,38,1.90182690429687,2016-05-03 13:24:20 UTC,2016-05-03 13:24:22 UTC
324,63,-,99,2.799587890625,2016-05-03 13:24:24 UTC,2016-05-03 13:24:33 UTC
325,25,/,53,1.5561318359375,2016-05-03 13:24:34 UTC,2016-05-03 13:24:36 UTC
326,2,/,29,1.396001953125,2016-05-03 13:24:37 UTC,2016-05-03 13:24:39 UTC
327,57,+,31,3.71484790039062,2016-05-03 13:24:40 UTC,2016-05-03 13:24:44 UTC
328,22,-,11,1.68846362304688,2016-05-03 13:24:46 UTC,2016-05-03 13:24:48 UTC
329,1,+,86,1.77039770507812,2016-05-03 13:24:49 UTC,2016-05-03 13:24:51 UTC
330,1,x,82,1.96042016601563,2016-05-03 13:24:52 UTC,2016-05-03 13:24:54 UTC
331,59,x,76,24.5025593261719,2016-05-03 13:24:56 UTC,2016-05-03 13:25:21 UTC
332,28,/,9,2.68378735351562,2016-05-03 13:25:22 UTC,2016-05-03 13:25:25 UTC
333,51,x,82,16.9339953613281,2016-05-03 13:25:26 UTC,2016-05-03 13:25:43 UTC
334,14,/,10,2.02988842773438,2016-05-03 13:25:45 UTC,2016-05-03 13:25:47 UTC
335,85,x,36,12.8296105957031,2016-05-03 13:25:48 UTC,2016-05-03 13:26:01 UTC
336,47,x,4,14.4388872070313,2016-05-03 13:26:03 UTC,2016-05-03 13:26:30 UTC
337,68,x,18,19.416271484375,2016-05-03 13:26:32 UTC,2016-05-03 13:26:51 UTC
338,63,+,5,1.9619755859375,2016-05-03 13:26:53 UTC,2016-05-03 13:26:55 UTC
339,72,x,70,4.35002807617188,2016-05-03 13:26:57 UTC,2016-05-03 13:27:16 UTC
340,27,/,79,0.0,2016-05-03 13:27:18 UTC,2016-05-03 13:27:18 UTC
341,70,-,61,2.01090380859375,2016-05-03 13:27:18 UTC,2016-05-03 13:27:20 UTC
342,75,+,28,2.88692724609375,2016-05-03 13:27:21 UTC,2016-05-03 13:27:24 UTC
343,65,+,39,3.82959521484375,2016-05-03 13:27:26 UTC,2016-05-03 13:27:30 UTC
344,92,x,43,0.0,2016-05-03 13:27:31 UTC,2016-05-03 13:27:31 UTC
345,8,/,81,1.300123046875,2016-05-03 13:27:32 UTC,2016-05-03 13:27:33 UTC
346,23,/,58,1.41568310546875,2016-05-03 13:27:35 UTC,2016-05-03 13:27:36 UTC
347,29,-,39,2.8939091796875,2016-05-03 13:27:37 UTC,2016-05-03 13:27:41 UTC
348,51,x,26,15.0491840820312,2016-05-03 13:27:42 UTC,2016-05-03 13:28:37 UTC
349,1,-,61,2.28968188476563,2016-05-03 13:28:38 UTC,2016-05-03 13:28:41 UTC
350,58,/,2,4.20687524414063,2016-05-03 13:28:42 UTC,2016-05-03 13:28:47 UTC
351,36,/,53,1.65168139648438,2016-05-03 13:28:48 UTC,2016-05-03 13:28:50 UTC
352,34,/,83,0.0,2016-05-03 13:28:52 UTC,2016-05-03 13:28:52 UTC
353,50,-,64,2.08254516601562,2016-05-03 13:28:52 UTC,2016-05-03 13:28:54 UTC
354,61,x,46,10.0082419433594,2016-05-03 13:28:55 UTC,2016-05-03 13:29:24 UTC
355,28,+,43,4.07535766601563,2016-05-03 13:29:26 UTC,2016-05-03 13:29:30 UTC
356,38,x,2,5.58606469726563,2016-05-03 13:29:31 UTC,2016-05-03 13:29:37 UTC
357,29,-,60,3.35429833984375,2016-05-03 13:29:38 UTC,2016-05-03 13:29:42 UTC
358,82,+,71,6.31646752929688,2016-05-03 13:29:43 UTC,2016-05-03 13:29:50 UTC
359,66,-,29,4.22734301757813,2016-05-03 13:29:51 UTC,2016-05-03 13:29:55 UTC
360,87,-,7,1.55473657226563,2016-05-03 13:29:57 UTC,2016-05-03 13:29:59 UTC
361,52,/,18,1.4256533203125,2016-05-03 13:30:00 UTC,2016-05-03 13:30:06 UTC
362,81,x,32,12.9302399902344,2016-05-03 13:30:07 UTC,2016-05-03 13:30:21 UTC
363,5,x,63,7.18223193359375,2016-05-03 13:30:22 UTC,2016-05-03 13:30:29 UTC
364,11,+,41,2.31451025390625,2016-05-03 13:30:31 UTC,2016-05-03 13:30:33 UTC
365,6,/,87,1.32999560546875,2016-05-03 13:30:35 UTC,2016-05-03 13:30:36 UTC
366,39,-,49,2.46331787109375,2016-05-03 13:30:38 UTC,2016-05-03 13:30:40 UTC
367,47,x,14,38.3518881835938,2016-05-03 13:30:42 UTC,2016-05-03 13:31:21 UTC
368,22,x,35,6.29731909179687,2016-05-03 13:31:22 UTC,2016-05-03 13:31:28 UTC
369,17,+,83,3.12437524414063,2016-05-03 13:31:30 UTC,2016-05-03 13:31:33 UTC
370,14,/,21,1.39132934570313,2016-05-03 13:31:34 UTC,2016-05-03 13:31:36 UTC
371,67,/,11,3.0241015625,2016-05-03 13:31:37 UTC,2016-05-03 13:31:40 UTC
372,82,x,40,0.0,2016-05-03 13:31:43 UTC,2016-05-03 13:31:43 UTC
373,6,-,37,2.97203295898438,2016-05-03 13:31:43 UTC,2016-05-03 13:31:46 UTC
374,7,+,88,4.57736328125,2016-05-03 13:31:48 UTC,2016-05-03 13:31:52 UTC
375,94,/,13,1.57267138671875,2016-05-03 13:31:53 UTC,2016-05-03 13:31:58 UTC
376,58,-,84,2.0681826171875,2016-05-03 13:32:00 UTC,2016-05-03 13:32:16 UTC
377,9,x,10,1.59039086914062,2016-05-03 13:32:18 UTC,2016-05-03 13:32:20 UTC
378,43,x,63,14.5420107421875,2016-05-03 13:32:21 UTC,2016-05-03 13:32:35 UTC
379,8,/,62,1.10933056640625,2016-05-03 13:32:37 UTC,2016-05-03 13:32:38 UTC
380,7,/,93,1.21405932617188,2016-05-03 13:32:39 UTC,2016-05-03 13:32:41 UTC
381,58,-,59,2.13947802734375,2016-05-03 13:32:42 UTC,2016-05-03 13:32:44 UTC
382,61,/,21,2.89111938476562,2016-05-03 13:32:46 UTC,2016-05-03 13:32:49 UTC
383,75,+,60,12.0661484375,2016-05-03 13:32:50 UTC,2016-05-03 13:33:02 UTC
384,0,-,54,3.8865341796875,2016-05-03 13:33:03 UTC,2016-05-03 13:33:11 UTC
385,44,-,67,0.0,2016-05-03 13:33:13 UTC,2016-05-03 13:33:13 UTC
386,83,+,70,3.72286108398437,2016-05-03 13:33:13 UTC,2016-05-03 13:33:17 UTC
387,72,/,52,3.55113916015625,2016-05-03 13:33:18 UTC,2016-05-03 13:33:22 UTC
388,82,x,56,9.85895239257813,2016-05-03 13:33:23 UTC,2016-05-03 13:33:33 UTC
389,83,x,96,17.1705114746094,2016-05-03 13:33:35 UTC,2016-05-03 13:33:52 UTC
390,46,/,12,2.22787524414063,2016-05-03 13:33:54 UTC,2016-05-03 13:33:56 UTC
391,96,-,95,2.15680444335938,2016-05-03 13:33:58 UTC,2016-05-03 13:34:00 UTC
392,24,+,37,4.89640600585938,2016-05-03 13:34:01 UTC,2016-05-03 13:34:07 UTC
393,71,-,8,6.74815844726562,2016-05-03 13:34:13 UTC,2016-05-03 13:34:20 UTC
394,68,/,2,0.0,2016-05-03 13:34:22 UTC,2016-05-03 13:34:22 UTC
395,39,+,6,2.16257446289063,2016-05-03 13:34:22 UTC,2016-05-03 13:34:25 UTC
396,10,-,77,2.25921215820313,2016-05-03 13:34:26 UTC,2016-05-03 13:34:29 UTC
397,49,+,11,2.85149267578125,2016-05-03 13:34:30 UTC,2016-05-03 13:34:33 UTC
398,21,x,33,2.77302490234375,2016-05-03 13:34:34 UTC,2016-05-03 13:34:46 UTC
399,96,/,64,1.8110517578125,2016-05-03 13:34:47 UTC,2016-05-03 13:34:49 UTC
400,45,+,56,4.930060546875,2016-05-03 13:34:50 UTC,2016-05-03 13:34:55 UTC
401,16,x,15,32.0989650878906,2016-05-03 13:34:56 UTC,2016-05-03 13:35:29 UTC
402,84,+,13,0.0,2016-05-03 13:35:31 UTC,2016-05-03 13:35:31 UTC
403,46,-,83,13.7081518554687,2016-05-03 13:35:31 UTC,2016-05-03 13:36:11 UTC
404,32,x,47,22.3154538574219,2016-05-03 13:36:13 UTC,2016-05-03 13:37:06 UTC
405,64,-,50,3.00009252929688,2016-05-03 13:37:07 UTC,2016-05-03 13:37:11 UTC
406,76,/,46,1.76089721679688,2016-05-03 13:37:12 UTC,2016-05-03 13:37:14 UTC
407,61,x,14,26.1554582519531,2016-05-03 13:37:15 UTC,2016-05-03 13:37:58 UTC
408,44,+,44,2.80558422851563,2016-05-03 13:37:59 UTC,2016-05-03 13:38:02 UTC
409,90,x,53,15.1429262695312,2016-05-03 13:38:04 UTC,2016-05-03 13:38:19 UTC
410,18,/,9,1.87360620117188,2016-05-03 13:38:21 UTC,2016-05-03 13:38:23 UTC
411,41,/,56,2.04032470703125,2016-05-03 13:38:24 UTC,2016-05-03 13:38:26 UTC
412,96,x,26,15.6851389160156,2016-05-03 13:38:27 UTC,2016-05-03 13:39:07 UTC
413,17,-,65,8.05499609375,2016-05-03 13:39:11 UTC,2016-05-03 13:39:28 UTC
414,55,/,88,1.38620922851562,2016-05-03 13:39:30 UTC,2016-05-03 13:39:31 UTC
415,19,+,88,4.42164404296875,2016-05-03 13:39:32 UTC,2016-05-03 13:39:37 UTC
416,20,/,65,1.63763232421875,2016-05-03 13:39:38 UTC,2016-05-03 13:39:40 UTC
417,13,+,26,3.28500170898438,2016-05-03 13:39:41 UTC,2016-05-03 13:39:45 UTC
418,24,-,45,6.58921752929688,2016-05-03 13:39:46 UTC,2016-05-03 13:39:53 UTC
419,36,/,1,0.0,2016-05-03 13:39:55 UTC,2016-05-03 13:39:55 UTC
420,5,x,86,6.3782705078125,2016-05-03 13:39:55 UTC,2016-05-03 13:40:02 UTC
421,99,-,60,5.60181689453125,2016-05-03 13:40:03 UTC,2016-05-03 13:40:09 UTC
422,88,-,18,3.23332788085937,2016-05-03 13:40:10 UTC,2016-05-03 13:40:13 UTC
423,18,x,24,18.0907673339844,2016-05-03 13:40:15 UTC,2016-05-03 13:40:33 UTC
424,76,/,28,1.331349609375,2016-05-03 13:40:35 UTC,2016-05-03 13:40:39 UTC
425,8,/,7,1.67977587890625,2016-05-03 13:40:41 UTC,2016-05-03 13:40:43 UTC
426,13,/,70,1.33112841796875,2016-05-03 13:40:44 UTC,2016-05-03 13:40:45 UTC
427,71,+,51,3.05422045898437,2016-05-03 13:40:47 UTC,2016-05-03 13:41:15 UTC
428,25,+,15,3.86649926757813,2016-05-03 13:41:17 UTC,2016-05-03 13:41:21 UTC
429,19,/,1,2.26356323242188,2016-05-03 13:41:23 UTC,2016-05-03 13:41:25 UTC
430,11,-,54,3.7935009765625,2016-05-03 13:41:26 UTC,2016-05-03 13:41:30 UTC
431,35,+,14,3.46975317382813,2016-05-03 13:41:31 UTC,2016-05-03 13:41:35 UTC
432,16,-,17,3.06129028320313,2016-05-03 13:41:37 UTC,2016-05-03 13:41:44 UTC
433,24,/,87,1.38046215820312,2016-05-03 13:41:47 UTC,2016-05-03 13:41:48 UTC
434,84,/,85,1.5179765625,2016-05-03 13:41:49 UTC,2016-05-03 13:41:51 UTC
435,59,/,21,1.88069580078125,2016-05-03 13:41:52 UTC,2016-05-03 13:41:54 UTC
436,54,/,74,1.40831103515625,2016-05-03 13:41:56 UTC,2016-05-03 13:41:57 UTC
437,5,+,82,2.29571557617188,2016-05-03 13:41:59 UTC,2016-05-03 13:42:01 UTC
438,99,x,79,10.8830593261719,2016-05-03 13:42:03 UTC,2016-05-03 13:42:23 UTC
439,29,-,12,4.36878540039062,2016-05-03 13:42:25 UTC,2016-05-03 13:42:37 UTC
440,47,x,17,0.0,2016-05-03 13:42:39 UTC,2016-05-03 13:42:39 UTC
441,76,x,15,20.3965856933594,2016-05-03 13:42:40 UTC,2016-05-03 13:43:50 UTC
442,68,-,67,1.97813696289062,2016-05-03 13:43:51 UTC,2016-05-03 13:43:54 UTC
443,51,-,66,2.78211083984375,2016-05-03 13:43:56 UTC,2016-05-03 13:43:59 UTC
444,85,/,38,2.009830078125,2016-05-03 13:44:00 UTC,2016-05-03 13:44:02 UTC
445,36,-,71,4.8098564453125,2016-05-03 13:44:04 UTC,2016-05-03 13:44:09 UTC
446,54,+,28,19.6365158691406,2016-05-03 13:44:10 UTC,2016-05-03 13:44:30 UTC
447,55,x,74,0.0,2016-05-03 13:44:32 UTC,2016-05-03 13:44:32 UTC
448,29,-,85,7.00379077148437,2016-05-03 13:44:32 UTC,2016-05-03 13:44:39 UTC
449,19,+,5,2.2430654296875,2016-05-03 13:44:40 UTC,2016-05-03 13:44:43 UTC
450,76,x,69,21.1821770019531,2016-05-03 13:44:44 UTC,2016-05-03 13:45:06 UTC
451,70,-,88,2.11563305664062,2016-05-03 13:45:07 UTC,2016-05-03 13:45:09 UTC
452,24,x,63,30.1100859375,2016-05-03 13:45:10 UTC,2016-05-03 13:45:41 UTC
453,32,x,24,23.7387268066406,2016-05-03 13:45:42 UTC,2016-05-03 13:46:06 UTC
454,21,+,72,3.39936938476562,2016-05-03 13:46:14 UTC,2016-05-03 13:46:17 UTC
455,14,/,36,1.29292651367188,2016-05-03 13:46:19 UTC,2016-05-03 13:46:20 UTC
456,13,-,11,1.69952368164062,2016-05-03 13:46:21 UTC,2016-05-03 13:46:23 UTC
457,98,+,68,6.9640771484375,2016-05-03 13:46:32 UTC,2016-05-03 13:46:39 UTC
458,77,x,98,973.963575439453,2016-05-03 13:55:01 UTC,2016-05-03 14:38:51 UTC
459,25,+,90,2.2053134765625,2016-05-03 14:38:58 UTC,2016-05-03 14:39:01 UTC
460,37,+,30,2.41113598632813,2016-05-03 14:44:00 UTC,2016-05-03 14:44:02 UTC
461,74,+,63,6.0991953125,2016-05-03 14:44:04 UTC,2016-05-03 14:44:10 UTC
462,1,+,77,0.0,2016-05-03 14:44:12 UTC,2016-05-03 14:44:12 UTC
463,64,+,13,5.33415063476563,2016-05-03 14:44:12 UTC,2016-05-03 14:44:17 UTC
464,23,x,28,24.004767578125,2016-05-03 14:44:19 UTC,2016-05-03 14:44:43 UTC
465,34,/,54,1.58115502929688,2016-05-03 14:44:47 UTC,2016-05-03 14:44:49 UTC
466,68,-,20,3.77741357421875,2016-05-03 14:44:50 UTC,2016-05-03 14:44:54 UTC
467,29,/,58,1.29811059570312,2016-05-03 14:44:56 UTC,2016-05-03 14:44:57 UTC
468,68,-,80,3.11973876953125,2016-05-03 14:44:59 UTC,2016-05-03 14:45:07 UTC
469,15,/,85,1.33511938476563,2016-05-03 14:45:09 UTC,2016-05-03 14:45:10 UTC
470,24,x,83,13.856970703125,2016-05-03 14:45:11 UTC,2016-05-03 14:45:26 UTC
471,55,x,68,19.8203454589844,2016-05-03 14:45:27 UTC,2016-05-03 14:45:47 UTC
472,47,x,34,15.4206911621094,2016-05-03 14:45:49 UTC,2016-05-03 14:46:04 UTC
473,8,x,30,3.78120068359375,2016-05-03 14:47:04 UTC,2016-05-03 14:47:08 UTC
474,23,x,43,23.3636430664063,2016-05-03 14:47:09 UTC,2016-05-03 14:47:33 UTC
475,98,/,75,1.82618823242188,2016-05-03 14:47:35 UTC,2016-05-03 14:47:37 UTC
476,81,-,17,12.74520703125,2016-05-03 14:47:38 UTC,2016-05-03 14:47:51 UTC
477,3,/,46,1.23106176757813,2016-05-03 14:47:52 UTC,2016-05-03 14:47:54 UTC
478,65,-,23,4.92021313476562,2016-05-03 14:47:55 UTC,2016-05-03 14:48:00 UTC
479,71,+,51,4.90531591796875,2016-05-03 14:48:01 UTC,2016-05-03 14:48:07 UTC
480,24,-,50,5.61861083984375,2016-05-03 14:48:08 UTC,2016-05-03 14:48:14 UTC
481,35,/,14,1.54374243164062,2016-05-03 14:48:15 UTC,2016-05-03 14:48:17 UTC
482,68,/,82,1.69892309570312,2016-05-03 14:48:18 UTC,2016-05-03 14:48:20 UTC
483,5,-,11,0.0,2016-05-03 14:48:22 UTC,2016-05-03 14:48:22 UTC
484,53,-,23,1.69441918945313,2016-05-03 14:48:22 UTC,2016-05-03 14:48:24 UTC
485,29,x,1,1.77433984375,2016-05-03 14:48:25 UTC,2016-05-03 14:48:27 UTC
486,74,+,18,2.70136865234375,2016-05-03 14:48:28 UTC,2016-05-03 14:48:41 UTC
487,49,x,25,8.1954052734375,2016-05-03 14:48:42 UTC,2016-05-03 14:48:50 UTC
488,28,x,71,12.69658203125,2016-05-03 14:48:51 UTC,2016-05-03 14:49:04 UTC
489,63,/,18,1.85270703125,2016-05-03 14:49:06 UTC,2016-05-03 14:49:08 UTC
490,20,x,44,2.4040322265625,2016-05-03 14:49:09 UTC,2016-05-03 14:49:12 UTC
491,56,-,67,2.31986157226563,2016-05-03 14:49:13 UTC,2016-05-03 14:49:16 UTC
492,59,+,75,5.72374438476562,2016-05-03 14:49:17 UTC,2016-05-03 14:49:23 UTC
493,13,+,88,0.0,2016-05-03 14:49:25 UTC,2016-05-03 14:49:25 UTC
494,70,/,9,2.592072265625,2016-05-03 14:49:25 UTC,2016-05-03 14:49:28 UTC
495,61,-,93,5.031044921875,2016-05-03 14:49:29 UTC,2016-05-03 14:49:34 UTC
496,57,-,27,2.37436059570312,2016-05-03 14:49:35 UTC,2016-05-03 14:49:38 UTC
497,93,+,42,9.65330883789063,2016-05-03 14:49:39 UTC,2016-05-03 14:49:49 UTC
498,76,+,6,0.0,2016-05-03 14:49:51 UTC,2016-05-03 14:49:51 UTC
499,65,x,44,21.4776259765625,2016-05-03 14:49:51 UTC,2016-05-03 14:50:13 UTC
500,87,+,10,2.04581909179687,2016-05-03 14:50:14 UTC,2016-05-03 14:50:16 UTC
501,48,-,31,4.04204638671875,2016-05-03 14:50:32 UTC,2016-05-03 14:50:36 UTC
502,0,x,95,1.48487963867188,2016-05-03 14:50:38 UTC,2016-05-03 14:50:39 UTC
503,8,x,73,9.34741943359375,2016-05-03 14:50:40 UTC,2016-05-03 14:51:06 UTC
504,0,+,28,0.0,2016-05-03 14:51:08 UTC,2016-05-03 14:51:08 UTC
505,13,/,84,2.16754150390625,2016-05-03 14:51:08 UTC,2016-05-03 14:51:10 UTC
506,7,-,50,2.13899755859375,2016-05-03 14:51:13 UTC,2016-05-03 14:51:20 UTC
507,60,+,93,4.06144653320313,2016-05-03 14:51:21 UTC,2016-05-03 14:51:26 UTC
508,98,/,32,2.9940302734375,2016-05-03 14:51:27 UTC,2016-05-03 14:51:30 UTC
509,49,-,97,8.7311279296875,2016-05-03 14:51:32 UTC,2016-05-03 14:51:41 UTC
510,64,-,81,11.744134765625,2016-05-03 14:51:42 UTC,2016-05-03 14:51:54 UTC
511,54,x,56,22.3833784179687,2016-05-03 14:51:55 UTC,2016-05-03 14:52:18 UTC
512,15,/,55,1.24687817382812,2016-05-03 14:52:30 UTC,2016-05-03 14:52:31 UTC
513,56,/,91,1.385900390625,2016-05-03 14:52:33 UTC,2016-05-03 14:52:34 UTC
514,26,-,52,2.86583422851563,2016-05-03 14:52:35 UTC,2016-05-03 14:52:39 UTC
515,42,+,96,5.50212670898437,2016-05-03 14:52:40 UTC,2016-05-03 14:52:45 UTC
516,96,/,43,1.92585498046875,2016-05-03 14:52:47 UTC,2016-05-03 14:52:49 UTC
517,97,/,44,0.0,2016-05-03 14:52:50 UTC,2016-05-03 14:52:50 UTC
518,57,+,43,3.68384301757813,2016-05-03 14:52:51 UTC,2016-05-03 14:52:55 UTC
519,70,+,98,3.25592236328125,2016-05-03 14:52:56 UTC,2016-05-03 14:52:59 UTC
520,13,+,85,2.76784887695313,2016-05-03 14:53:00 UTC,2016-05-03 14:53:03 UTC
521,13,+,63,2.23584130859375,2016-05-03 14:53:04 UTC,2016-05-03 14:53:07 UTC
522,52,-,61,3.90060693359375,2016-05-03 14:53:08 UTC,2016-05-03 14:53:12 UTC
523,35,+,7,2.70602514648438,2016-05-03 14:53:14 UTC,2016-05-03 14:53:17 UTC
524,5,-,78,3.73538354492187,2016-05-03 14:53:18 UTC,2016-05-03 14:53:22 UTC
525,99,+,29,2.415275390625,2016-05-03 14:53:23 UTC,2016-05-03 14:53:26 UTC
526,60,-,72,2.75541845703125,2016-05-03 14:53:27 UTC,2016-05-03 14:53:30 UTC
527,35,-,78,2.2033720703125,2016-05-03 14:53:31 UTC,2016-05-03 14:53:42 UTC
528,69,/,32,1.59019287109375,2016-05-03 14:53:43 UTC,2016-05-03 14:53:45 UTC
529,94,-,30,1.76209716796875,2016-05-03 14:53:46 UTC,2016-05-03 14:53:48 UTC
530,30,x,49,0.0,2016-05-03 14:53:50 UTC,2016-05-03 14:53:50 UTC
531,53,/,21,1.63661962890625,2016-05-03 14:53:50 UTC,2016-05-03 14:53:52 UTC
532,34,-,48,3.30649951171875,2016-05-03 14:54:43 UTC,2016-05-03 14:54:47 UTC
533,53,/,59,1.4617685546875,2016-05-03 14:54:48 UTC,2016-05-03 14:54:50 UTC
534,8,+,66,2.53664624023437,2016-05-03 14:54:54 UTC,2016-05-03 14:54:57 UTC
535,69,+,49,5.90692944335937,2016-05-03 14:54:58 UTC,2016-05-03 14:55:04 UTC
536,41,/,25,1.3344296875,2016-05-03 15:24:01 UTC,2016-05-03 15:24:06 UTC
537,1,/,10,1.24076049804687,2016-05-03 15:24:07 UTC,2016-05-03 15:24:09 UTC
538,34,x,35,16.9780224609375,2016-05-03 15:24:10 UTC,2016-05-03 15:24:27 UTC
539,13,/,4,1.91750732421875,2016-05-03 15:24:29 UTC,2016-05-03 15:24:32 UTC
540,78,-,73,1.64728173828125,2016-05-03 15:24:33 UTC,2016-05-03 15:24:35 UTC
541,50,-,53,2.0637119140625,2016-05-03 15:24:36 UTC,2016-05-03 15:24:38 UTC
542,91,-,67,4.584896484375,2016-05-03 15:24:39 UTC,2016-05-03 15:24:44 UTC
543,36,/,31,1.67515087890625,2016-05-03 15:24:45 UTC,2016-05-03 15:24:47 UTC
544,76,+,44,3.37608984375,2016-05-03 15:24:48 UTC,2016-05-03 15:24:52 UTC
545,47,+,35,0.0,2016-05-03 15:24:54 UTC,2016-05-03 15:24:54 UTC
546,87,-,17,5.22412622070313,2016-05-03 15:24:54 UTC,2016-05-03 15:24:59 UTC
547,7,x,32,7.5339423828125,2016-05-03 15:25:01 UTC,2016-05-03 15:25:08 UTC
548,90,x,82,2.95085961914062,2016-05-03 15:25:09 UTC,2016-05-03 15:25:26 UTC
549,92,-,1,2.13006396484375,2016-05-03 15:25:27 UTC,2016-05-03 15:25:29 UTC
550,24,-,89,5.23800805664063,2016-05-03 15:25:30 UTC,2016-05-03 15:25:36 UTC
551,83,x,100,2.960208984375,2016-05-03 15:25:37 UTC,2016-05-03 15:25:40 UTC
552,40,/,2,1.56548754882813,2016-05-03 15:25:41 UTC,2016-05-03 15:25:43 UTC
553,28,/,49,1.776435546875,2016-05-03 15:25:44 UTC,2016-05-03 15:25:46 UTC
554,8,/,69,1.24075634765625,2016-05-03 15:25:48 UTC,2016-05-03 15:25:49 UTC
555,78,x,59,0.0,2016-05-03 15:25:51 UTC,2016-05-03 15:25:51 UTC
556,29,-,28,1.55907299804687,2016-05-03 15:25:51 UTC,2016-05-03 15:25:53 UTC
557,41,-,79,5.97811254882812,2016-05-03 15:25:54 UTC,2016-05-03 15:26:00 UTC
558,90,/,62,0.0,2016-05-03 15:26:02 UTC,2016-05-03 15:26:02 UTC
559,19,+,93,5.78471630859375,2016-05-03 15:26:02 UTC,2016-05-03 15:26:08 UTC
560,44,+,80,2.86482763671875,2016-05-03 15:26:09 UTC,2016-05-03 15:26:12 UTC
561,17,+,55,10.7482639160156,2016-05-03 15:26:13 UTC,2016-05-03 15:26:24 UTC
562,59,-,2,2.43613110351563,2016-05-03 15:26:26 UTC,2016-05-03 15:26:28 UTC
563,70,+,67,3.23746484375,2016-05-03 15:26:29 UTC,2016-05-03 15:26:33 UTC
564,77,x,97,32.8901560058594,2016-05-03 15:26:34 UTC,2016-05-03 15:27:07 UTC
565,74,-,72,2.27238696289063,2016-05-03 15:27:08 UTC,2016-05-03 15:27:11 UTC
566,52,/,46,1.7391279296875,2016-05-03 15:27:12 UTC,2016-05-03 15:27:14 UTC
567,0,+,8,0.0,2016-05-03 15:27:16 UTC,2016-05-03 15:27:16 UTC
568,86,+,68,5.58254858398437,2016-05-03 15:27:17 UTC,2016-05-03 15:27:22 UTC
569,47,/,8,4.85907666015625,2016-05-03 15:27:24 UTC,2016-05-03 15:27:29 UTC
570,74,/,50,1.69077783203125,2016-05-03 15:27:30 UTC,2016-05-03 15:27:32 UTC
571,14,-,15,2.109419921875,2016-05-03 15:27:33 UTC,2016-05-03 15:27:35 UTC
572,6,/,2,1.58425244140625,2016-05-03 15:27:37 UTC,2016-05-03 15:27:38 UTC
573,55,/,36,1.65385986328125,2016-05-03 15:27:40 UTC,2016-05-03 15:27:41 UTC
574,95,x,20,5.967515625,2016-05-03 15:27:43 UTC,2016-05-03 15:27:49 UTC
575,87,-,71,3.4213115234375,2016-05-03 15:27:50 UTC,2016-05-03 15:27:54 UTC
576,97,+,57,4.52414135742188,2016-05-03 15:27:55 UTC,2016-05-03 15:28:11 UTC
577,28,+,27,4.82922583007812,2016-05-03 15:28:12 UTC,2016-05-03 15:28:18 UTC
578,20,x,41,4.69366455078125,2016-05-03 15:28:19 UTC,2016-05-03 15:28:24 UTC
579,99,-,33,3.73680053710937,2016-05-03 15:28:25 UTC,2016-05-03 15:28:29 UTC
580,79,-,78,1.33684301757812,2016-05-03 15:28:30 UTC,2016-05-03 15:28:32 UTC
581,37,+,21,4.93550390625,2016-05-03 15:28:33 UTC,2016-05-03 15:28:45 UTC
582,27,/,55,1.2376259765625,2016-05-03 15:28:46 UTC,2016-05-03 15:28:48 UTC
583,6,+,22,2.0039814453125,2016-05-03 15:28:49 UTC,2016-05-03 15:28:51 UTC
584,3,x,70,2.55440380859375,2016-05-03 15:28:52 UTC,2016-05-03 15:28:55 UTC
585,55,x,12,0.0,2016-05-03 15:28:57 UTC,2016-05-03 15:28:57 UTC
586,23,x,59,17.9221857910156,2016-05-03 15:28:57 UTC,2016-05-03 15:29:15 UTC
587,31,-,57,13.0229814453125,2016-05-03 15:29:16 UTC,2016-05-03 15:29:30 UTC
588,96,+,77,7.62775659179688,2016-05-03 15:29:31 UTC,2016-05-03 15:29:39 UTC
589,5,x,8,4.1725390625,2016-05-03 15:29:40 UTC,2016-05-03 15:29:45 UTC
590,48,/,75,2.96153979492188,2016-05-03 15:29:46 UTC,2016-05-03 15:29:49 UTC
591,5,/,12,1.23930615234375,2016-05-03 15:29:50 UTC,2016-05-03 15:29:52 UTC
592,16,x,86,18.2499382324219,2016-05-03 15:29:53 UTC,2016-05-03 15:30:44 UTC
593,14,-,94,2.3934140625,2016-05-03 15:30:45 UTC,2016-05-03 15:30:48 UTC
594,27,+,55,10.0537956542969,2016-05-03 15:30:49 UTC,2016-05-03 15:31:00 UTC
595,26,x,51,16.467318359375,2016-05-03 15:31:01 UTC,2016-05-03 15:31:18 UTC
596,10,+,76,1.91730322265625,2016-05-03 15:31:19 UTC,2016-05-03 15:31:21 UTC
597,63,-,46,0.0,2016-05-03 15:31:23 UTC,2016-05-03 15:31:23 UTC
598,55,-,14,3.6025126953125,2016-05-03 15:31:24 UTC,2016-05-03 15:31:27 UTC
599,89,x,35,15.8772312011719,2016-05-03 15:31:29 UTC,2016-05-03 15:31:45 UTC
600,7,+,23,2.480224609375,2016-05-03 15:31:46 UTC,2016-05-03 15:31:49 UTC
601,59,x,55,16.3523288574219,2016-05-03 15:31:50 UTC,2016-05-03 15:32:07 UTC
602,50,x,95,0.0,2016-05-03 15:32:08 UTC,2016-05-03 15:32:08 UTC
603,57,x,34,17.9641484375,2016-05-03 15:32:09 UTC,2016-05-03 15:33:20 UTC
604,53,/,30,1.67795166015625,2016-05-03 15:33:22 UTC,2016-05-03 15:33:24 UTC
605,5,+,15,1.83125659179688,2016-05-03 15:33:25 UTC,2016-05-03 15:33:28 UTC
606,33,+,17,2.64503881835937,2016-05-03 15:33:29 UTC,2016-05-03 15:33:32 UTC
607,73,-,90,2.8758955078125,2016-05-03 15:33:33 UTC,2016-05-03 15:33:36 UTC
608,17,+,32,5.51303295898438,2016-05-03 15:33:37 UTC,2016-05-03 15:33:43 UTC
609,20,+,30,0.0,2016-05-03 15:33:45 UTC,2016-05-03 15:33:45 UTC
610,55,x,10,1.77830126953125,2016-05-03 15:33:45 UTC,2016-05-03 15:33:47 UTC
611,95,+,33,5.97129077148437,2016-05-03 15:33:48 UTC,2016-05-03 15:33:55 UTC
612,36,/,74,1.5898720703125,2016-05-03 15:33:56 UTC,2016-05-03 15:33:58 UTC
613,1,/,50,1.21460668945313,2016-05-03 15:34:00 UTC,2016-05-03 15:34:01 UTC
614,97,+,6,2.1898359375,2016-05-03 15:34:02 UTC,2016-05-03 15:34:05 UTC
615,51,x,32,15.6769770507813,2016-05-03 15:34:06 UTC,2016-05-03 15:34:54 UTC
616,99,+,30,2.72603857421875,2016-05-03 15:34:56 UTC,2016-05-03 15:34:59 UTC
617,26,/,75,1.34380346679688,2016-05-03 15:35:01 UTC,2016-05-03 15:35:03 UTC
618,63,-,24,1.70830297851562,2016-05-03 15:35:04 UTC,2016-05-03 15:35:12 UTC
619,94,-,16,5.84043432617188,2016-05-03 15:35:13 UTC,2016-05-03 15:35:19 UTC
620,51,/,63,1.60541918945312,2016-05-03 15:35:20 UTC,2016-05-03 15:35:22 UTC
621,68,-,24,2.56018579101563,2016-05-03 15:35:24 UTC,2016-05-03 15:35:26 UTC
622,1,-,87,2.3751064453125,2016-05-03 15:35:28 UTC,2016-05-03 15:35:30 UTC
623,36,+,44,2.90762524414062,2016-05-03 15:35:32 UTC,2016-05-03 15:35:35 UTC
624,22,-,71,6.9639150390625,2016-05-03 15:35:36 UTC,2016-05-03 15:35:43 UTC
625,2,-,44,2.3650263671875,2016-05-03 15:35:44 UTC,2016-05-03 15:35:47 UTC
626,95,/,78,0.0,2016-05-03 15:35:48 UTC,2016-05-03 15:35:48 UTC
627,84,+,41,7.97987817382812,2016-05-03 15:35:49 UTC,2016-05-03 15:35:57 UTC
628,8,x,22,7.37898779296875,2016-05-03 15:35:58 UTC,2016-05-03 15:36:06 UTC
629,44,+,28,3.977171875,2016-05-03 15:36:07 UTC,2016-05-03 15:36:11 UTC
630,0,+,80,1.681734375,2016-05-03 15:36:12 UTC,2016-05-03 15:36:14 UTC
631,41,x,55,24.5570871582031,2016-05-03 15:36:15 UTC,2016-05-03 15:36:55 UTC
632,15,-,17,1.86685961914063,2016-05-03 15:36:56 UTC,2016-05-03 15:36:58 UTC
633,90,+,94,1.97802612304687,2016-05-03 15:36:59 UTC,2016-05-03 15:37:02 UTC
634,78,+,77,7.20623413085938,2016-05-03 15:37:03 UTC,2016-05-03 15:37:10 UTC
635,83,+,17,2.96139331054688,2016-05-03 15:37:11 UTC,2016-05-03 15:37:15 UTC
636,95,+,4,1.77028955078125,2016-05-03 15:37:16 UTC,2016-05-03 15:37:18 UTC
637,69,/,12,4.96673999023437,2016-05-03 15:37:19 UTC,2016-05-03 15:37:28 UTC
638,54,+,86,4.0418505859375,2016-05-03 15:37:29 UTC,2016-05-03 15:37:33 UTC
639,57,x,90,7.73365771484375,2016-05-03 15:37:35 UTC,2016-05-03 15:37:43 UTC
640,77,/,20,4.18081274414063,2016-05-03 15:37:45 UTC,2016-05-03 15:37:49 UTC
641,70,/,21,2.39111206054688,2016-05-03 15:37:50 UTC,2016-05-03 15:37:53 UTC
642,74,-,46,4.52958715820312,2016-05-03 15:37:54 UTC,2016-05-03 15:38:12 UTC
643,41,-,26,4.71140185546875,2016-05-03 15:38:13 UTC,2016-05-03 15:38:18 UTC
644,65,/,67,1.59710107421875,2016-05-03 15:38:19 UTC,2016-05-03 15:38:21 UTC
645,59,/,96,3.3591357421875,2016-05-03 15:38:23 UTC,2016-05-03 15:38:26 UTC
646,52,-,82,2.69744921875,2016-05-03 15:38:27 UTC,2016-05-03 15:38:30 UTC
647,89,x,23,0.0,2016-05-03 15:38:32 UTC,2016-05-03 15:38:32 UTC
648,19,-,31,4.13409497070313,2016-05-03 15:38:32 UTC,2016-05-03 15:38:46 UTC
649,79,/,51,1.40195239257812,2016-05-03 15:38:47 UTC,2016-05-03 15:38:53 UTC
650,79,-,19,7.38408911132812,2016-05-03 15:38:54 UTC,2016-05-03 15:39:02 UTC
651,37,/,17,14.0088493652344,2016-05-03 15:39:03 UTC,2016-05-03 15:39:18 UTC
652,79,-,35,0.0,2016-05-03 15:39:19 UTC,2016-05-03 15:39:19 UTC
653,18,x,68,10.98161328125,2016-05-03 15:39:20 UTC,2016-05-03 15:40:17 UTC
654,0,/,77,2.59983911132813,2016-05-03 15:40:18 UTC,2016-05-03 15:40:21 UTC
655,94,+,78,6.95234887695312,2016-05-03 15:40:22 UTC,2016-05-03 15:40:29 UTC
656,58,+,11,2.47341552734375,2016-05-03 15:40:30 UTC,2016-05-03 15:40:33 UTC
657,2,+,44,2.1042509765625,2016-05-03 15:40:34 UTC,2016-05-03 15:40:37 UTC
658,77,+,83,3.70981323242188,2016-05-03 15:40:38 UTC,2016-05-03 15:40:42 UTC
659,94,+,10,2.16155859375,2016-05-03 15:40:43 UTC,2016-05-03 15:40:45 UTC
660,34,+,64,4.49345727539063,2016-05-03 15:40:46 UTC,2016-05-03 15:40:51 UTC
661,11,/,55,1.37224047851563,2016-05-03 15:40:52 UTC,2016-05-03 15:40:54 UTC
662,79,/,74,1.94663500976563,2016-05-03 15:40:55 UTC,2016-05-03 15:40:57 UTC
663,11,/,61,1.43168627929687,2016-05-03 15:40:58 UTC,2016-05-03 15:41:00 UTC
664,72,/,71,1.82401977539063,2016-05-03 15:41:01 UTC,2016-05-03 15:41:03 UTC
665,29,+,54,5.77340014648438,2016-05-03 15:41:05 UTC,2016-05-03 15:41:11 UTC
666,36,x,80,14.0106320800781,2016-05-03 15:41:12 UTC,2016-05-03 15:41:26 UTC
667,47,-,11,2.41935571289063,2016-05-03 15:41:27 UTC,2016-05-03 15:41:34 UTC
668,5,x,91,5.54739428710938,2016-05-03 15:41:35 UTC,2016-05-03 15:41:41 UTC
669,73,+,17,3.25962426757813,2016-05-03 15:41:42 UTC,2016-05-03 15:41:46 UTC
670,25,-,80,9.63644091796875,2016-05-03 15:41:47 UTC,2016-05-03 15:41:57 UTC
671,69,-,14,3.25693408203125,2016-05-03 15:41:58 UTC,2016-05-03 15:42:02 UTC
672,68,+,31,4.29867016601562,2016-05-03 15:42:03 UTC,2016-05-03 15:42:07 UTC
673,80,/,28,1.49674243164063,2016-05-03 15:42:28 UTC,2016-05-03 15:42:34 UTC
674,82,+,20,0.0,2016-05-03 15:42:35 UTC,2016-05-03 15:42:35 UTC
675,45,+,96,6.17505908203125,2016-05-03 15:42:35 UTC,2016-05-03 15:42:42 UTC
676,23,x,1,1.51721044921875,2016-05-03 15:42:43 UTC,2016-05-03 15:42:45 UTC
677,46,/,64,2.0002900390625,2016-05-03 15:42:46 UTC,2016-05-03 15:42:48 UTC
678,22,/,97,0.0,2016-05-03 15:42:50 UTC,2016-05-03 15:42:50 UTC
679,99,+,72,2.38361401367187,2016-05-03 15:42:50 UTC,2016-05-03 15:42:53 UTC
680,96,-,1,2.24837158203125,2016-05-03 15:42:54 UTC,2016-05-03 15:42:56 UTC
681,29,+,34,7.12922534179688,2016-05-03 15:42:57 UTC,2016-05-03 15:43:05 UTC
682,74,-,3,3.5767255859375,2016-05-03 15:43:06 UTC,2016-05-03 15:43:10 UTC
683,1,x,54,1.766505859375,2016-05-03 16:10:10 UTC,2016-05-03 16:10:12 UTC
684,30,+,33,1.81650634765625,2016-05-03 16:10:14 UTC,2016-05-03 16:10:16 UTC
685,52,-,97,5.12504418945313,2016-05-03 16:10:17 UTC,2016-05-03 16:10:22 UTC
686,1,x,73,2.58756176757813,2016-05-03 16:12:29 UTC,2016-05-03 16:12:32 UTC
687,17,x,18,20.1832746582031,2016-05-03 16:12:33 UTC,2016-05-03 16:12:54 UTC
688,61,x,7,9.960169921875,2016-05-03 16:13:00 UTC,2016-05-03 16:13:10 UTC
689,6,x,45,7.3815283203125,2016-05-03 16:13:13 UTC,2016-05-03 16:13:20 UTC
690,73,-,9,2.41745532226563,2016-05-03 16:13:22 UTC,2016-05-03 16:13:25 UTC
691,15,-,49,3.96502612304687,2016-05-03 16:13:26 UTC,2016-05-03 16:13:30 UTC
692,98,+,77,3.37769140625,2016-05-03 16:13:32 UTC,2016-05-03 16:13:36 UTC
693,73,-,91,8.3034873046875,2016-05-03 16:13:37 UTC,2016-05-03 16:13:46 UTC
694,53,-,50,1.82529296875,2016-05-03 16:13:47 UTC,2016-05-03 16:13:49 UTC
695,26,-,74,0.0,2016-05-03 16:13:52 UTC,2016-05-03 16:13:52 UTC
696,80,/,74,1.74295068359375,2016-05-03 16:13:52 UTC,2016-05-03 16:13:54 UTC
697,18,-,3,2.44236059570312,2016-05-03 16:13:56 UTC,2016-05-03 16:13:58 UTC
698,34,/,76,1.54028784179688,2016-05-03 16:17:15 UTC,2016-05-03 16:17:17 UTC
699,32,+,22,1.92154638671875,2016-05-03 16:17:18 UTC,2016-05-03 16:17:20 UTC
700,30,+,64,2.23124633789062,2016-05-03 16:17:21 UTC,2016-05-03 16:17:24 UTC
701,96,-,13,2.12177490234375,2016-05-03 16:17:25 UTC,2016-05-03 16:17:31 UTC
702,53,-,59,2.05110986328125,2016-05-03 16:17:32 UTC,2016-05-03 16:17:34 UTC
703,29,+,79,4.25856762695313,2016-05-03 16:17:36 UTC,2016-05-03 16:17:40 UTC
704,34,-,74,2.46862036132812,2016-05-03 16:17:41 UTC,2016-05-03 16:17:44 UTC
705,26,x,75,16.0008369140625,2016-05-03 16:17:45 UTC,2016-05-03 16:18:01 UTC
706,70,+,95,2.48738671875,2016-05-03 16:18:03 UTC,2016-05-03 16:18:06 UTC
707,17,+,94,5.52263134765625,2016-05-03 16:18:07 UTC,2016-05-03 16:18:12 UTC
708,11,-,6,0.0,2016-05-03 16:18:15 UTC,2016-05-03 16:18:15 UTC
709,48,-,1,1.87772192382813,2016-05-03 16:18:15 UTC,2016-05-03 16:18:17 UTC
710,21,/,16,1.58515893554687,2016-05-03 16:19:47 UTC,2016-05-03 16:19:49 UTC
711,96,x,69,15.5293537597656,2016-05-03 16:19:50 UTC,2016-05-03 16:20:06 UTC
712,17,+,21,4.46049584960937,2016-05-03 16:21:56 UTC,2016-05-03 16:22:01 UTC
713,35,/,34,0.0,2016-05-03 16:22:03 UTC,2016-05-03 16:22:03 UTC
714,86,x,45,14.6794130859375,2016-05-03 16:22:03 UTC,2016-05-03 16:22:18 UTC
715,89,/,6,2.24121948242187,2016-05-03 16:22:19 UTC,2016-05-03 16:22:33 UTC
716,69,x,90,11.4544772949219,2016-05-03 16:22:34 UTC,2016-05-03 16:22:59 UTC
717,3,x,86,8.3629912109375,2016-05-03 16:23:01 UTC,2016-05-03 16:23:09 UTC
718,29,+,89,2.0430185546875,2016-05-03 16:23:11 UTC,2016-05-03 16:23:20 UTC
719,22,-,75,4.68457763671875,2016-05-03 16:23:22 UTC,2016-05-03 16:23:27 UTC
720,3,+,66,1.8260107421875,2016-05-03 16:25:12 UTC,2016-05-03 16:25:14 UTC
721,42,-,65,2.32579321289063,2016-05-03 16:25:15 UTC,2016-05-03 16:25:24 UTC
722,64,-,80,3.06186547851562,2016-05-03 16:25:25 UTC,2016-05-03 16:25:28 UTC
723,42,x,82,22.09241796875,2016-05-03 16:25:29 UTC,2016-05-03 16:25:52 UTC
724,46,+,74,4.46017138671875,2016-05-03 16:25:53 UTC,2016-05-03 16:25:58 UTC
725,36,x,44,19.8952292480469,2016-05-03 16:25:59 UTC,2016-05-03 16:26:19 UTC
726,46,-,54,2.663521484375,2016-05-03 16:26:20 UTC,2016-05-03 16:26:23 UTC
727,33,/,13,1.88959204101563,2016-05-03 16:26:24 UTC,2016-05-03 16:26:27 UTC
728,4,+,1,1.34470849609375,2016-05-03 16:26:28 UTC,2016-05-03 16:26:29 UTC
729,66,/,78,1.47465747070313,2016-05-03 16:26:30 UTC,2016-05-03 16:26:32 UTC
730,11,+,50,1.67025708007812,2016-05-03 16:26:33 UTC,2016-05-03 16:26:35 UTC
731,22,+,40,0.0,2016-05-03 16:26:36 UTC,2016-05-03 16:26:36 UTC
732,96,+,95,8.040189453125,2016-05-03 16:26:37 UTC,2016-05-03 16:26:45 UTC
733,10,x,96,1.85571313476563,2016-05-03 16:26:46 UTC,2016-05-03 16:26:48 UTC
734,0,/,82,1.53714428710938,2016-05-03 16:26:49 UTC,2016-05-03 16:26:51 UTC
735,36,-,9,3.23453930664063,2016-05-03 16:26:52 UTC,2016-05-03 16:27:00 UTC
736,97,/,67,1.6711943359375,2016-05-03 16:27:01 UTC,2016-05-03 16:27:03 UTC
737,0,-,29,2.53390698242187,2016-05-03 16:27:04 UTC,2016-05-03 16:27:07 UTC
738,58,/,75,1.44966870117187,2016-05-03 16:27:08 UTC,2016-05-03 16:27:10 UTC
739,18,/,41,1.2703828125,2016-05-03 16:27:11 UTC,2016-05-03 16:27:12 UTC
740,71,/,33,1.3763154296875,2016-05-03 16:27:13 UTC,2016-05-03 16:27:18 UTC
741,40,-,85,2.20519750976562,2016-05-03 16:27:19 UTC,2016-05-03 16:27:21 UTC
742,72,+,17,2.822056640625,2016-05-03 16:27:22 UTC,2016-05-03 16:27:25 UTC
743,47,x,86,20.5609350585937,2016-05-03 16:27:27 UTC,2016-05-03 16:28:19 UTC
744,15,x,36,16.7085681152344,2016-05-03 16:28:23 UTC,2016-05-03 16:28:40 UTC
745,22,/,61,1.33713134765625,2016-05-03 16:28:41 UTC,2016-05-03 16:28:43 UTC
746,10,/,80,1.2789345703125,2016-05-03 16:28:44 UTC,2016-05-03 16:28:45 UTC
747,28,x,75,16.5524553222656,2016-05-03 16:28:46 UTC,2016-05-03 16:29:03 UTC
748,17,-,68,0.0,2016-05-03 16:29:05 UTC,2016-05-03 16:29:05 UTC
749,16,+,100,1.96400244140625,2016-05-03 16:29:05 UTC,2016-05-03 16:29:08 UTC
750,4,-,42,3.73746337890625,2016-05-03 16:29:22 UTC,2016-05-03 16:29:26 UTC
751,81,/,50,1.93325415039063,2016-05-03 16:29:28 UTC,2016-05-03 16:29:33 UTC
752,63,-,65,2.04662524414063,2016-05-03 16:30:00 UTC,2016-05-03 16:30:02 UTC
753,85,-,34,3.596615234375,2016-05-03 16:30:03 UTC,2016-05-03 16:30:28 UTC
754,10,+,93,1.9801142578125,2016-05-03 16:30:29 UTC,2016-05-03 16:30:31 UTC
755,8,x,57,0.0,2016-05-03 16:30:33 UTC,2016-05-03 16:30:33 UTC
756,38,+,47,11.0082377929687,2016-05-03 16:30:33 UTC,2016-05-03 16:30:44 UTC
757,69,x,18,79.5541345214844,2016-05-03 16:30:45 UTC,2016-05-03 16:32:05 UTC
758,14,/,70,1.4127763671875,2016-05-03 16:32:07 UTC,2016-05-03 16:32:09 UTC
759,90,x,63,15.5288034667969,2016-05-03 16:32:10 UTC,2016-05-03 16:32:26 UTC
760,48,-,89,5.20058471679688,2016-05-03 16:32:27 UTC,2016-05-03 16:32:32 UTC
761,0,x,56,1.54847216796875,2016-05-03 16:32:34 UTC,2016-05-03 16:32:35 UTC
762,61,x,20,9.63920922851563,2016-05-03 16:32:37 UTC,2016-05-03 16:32:47 UTC
763,32,-,76,3.4668291015625,2016-05-03 16:32:48 UTC,2016-05-03 16:33:51 UTC
764,74,+,86,3.21902709960938,2016-05-03 16:33:52 UTC,2016-05-03 16:33:56 UTC
765,11,+,25,1.74699829101562,2016-05-03 16:33:57 UTC,2016-05-03 16:33:59 UTC
766,28,/,18,1.95980102539063,2016-05-03 16:34:00 UTC,2016-05-03 16:34:02 UTC
767,28,x,11,2.21463159179687,2016-05-03 16:34:04 UTC,2016-05-03 16:34:15 UTC
768,55,x,72,15.0371665039062,2016-05-03 16:34:16 UTC,2016-05-03 16:34:31 UTC
769,77,+,42,3.70661474609375,2016-05-03 16:34:33 UTC,2016-05-03 16:34:43 UTC
770,92,/,23,1.81922802734375,2016-05-03 16:34:45 UTC,2016-05-03 16:34:50 UTC
771,68,/,94,1.41380322265625,2016-05-03 16:34:51 UTC,2016-05-03 16:34:52 UTC
772,40,x,26,7.54480737304687,2016-05-03 16:34:53 UTC,2016-05-03 16:35:01 UTC
773,33,-,2,1.79168481445312,2016-05-03 16:35:02 UTC,2016-05-03 16:35:04 UTC
774,2,+,45,2.2217529296875,2016-05-03 16:35:06 UTC,2016-05-03 16:35:08 UTC
775,7,/,76,2.06377221679687,2016-05-03 16:35:09 UTC,2016-05-03 16:35:12 UTC
776,85,x,8,11.6572238769531,2016-05-03 16:35:13 UTC,2016-05-03 16:35:25 UTC
777,62,+,77,5.26186767578125,2016-05-03 16:35:33 UTC,2016-05-03 16:36:05 UTC
778,43,-,27,8.2225458984375,2016-05-03 16:36:06 UTC,2016-05-03 16:36:14 UTC
779,26,/,39,1.31812573242187,2016-05-03 16:36:16 UTC,2016-05-03 16:36:17 UTC
780,5,-,52,3.59387060546875,2016-05-03 16:36:18 UTC,2016-05-03 16:36:22 UTC
781,19,x,42,9.3786181640625,2016-05-03 16:36:23 UTC,2016-05-03 16:36:33 UTC
782,15,x,48,9.07093969726563,2016-05-03 16:36:34 UTC,2016-05-03 16:36:43 UTC
783,36,/,19,3.68164013671875,2016-05-03 16:36:45 UTC,2016-05-03 16:36:53 UTC
784,22,+,4,1.87699682617188,2016-05-03 16:36:54 UTC,2016-05-03 16:36:57 UTC
785,98,x,37,18.2648120117187,2016-05-03 16:36:58 UTC,2016-05-03 16:37:17 UTC
786,6,-,33,2.40917065429687,2016-05-03 16:37:18 UTC,2016-05-03 16:37:20 UTC
787,94,/,41,2.5395078125,2016-05-03 16:37:22 UTC,2016-05-03 16:37:25 UTC
788,88,x,26,16.7926215820312,2016-05-03 16:37:26 UTC,2016-05-03 16:37:43 UTC
789,91,x,54,17.2317111816406,2016-05-03 16:37:44 UTC,2016-05-03 16:38:02 UTC
790,77,/,42,1.83369848632812,2016-05-03 16:38:03 UTC,2016-05-03 16:38:06 UTC
791,17,/,7,2.16575073242188,2016-05-03 16:38:07 UTC,2016-05-03 16:38:09 UTC
792,89,/,18,3.15735009765625,2016-05-03 16:38:11 UTC,2016-05-03 16:38:14 UTC
793,6,-,17,2.33594970703125,2016-05-03 16:38:15 UTC,2016-05-03 16:38:18 UTC
794,44,-,93,7.8265771484375,2016-05-03 16:38:19 UTC,2016-05-03 16:38:27 UTC
795,49,x,97,30.5367001953125,2016-05-03 16:38:28 UTC,2016-05-03 16:39:42 UTC
796,44,x,45,21.5712216796875,2016-05-03 16:39:44 UTC,2016-05-03 16:40:06 UTC
797,38,x,24,23.3181606445313,2016-05-03 16:40:08 UTC,2016-05-03 16:40:32 UTC
798,24,-,98,6.47429125976563,2016-05-03 16:40:34 UTC,2016-05-03 16:40:41 UTC
799,82,-,31,5.111203125,2016-05-03 16:40:42 UTC,2016-05-03 16:40:48 UTC
800,82,+,60,3.02623901367188,2016-05-03 16:40:49 UTC,2016-05-03 16:40:55 UTC
801,15,-,44,5.1435791015625,2016-05-03 16:40:56 UTC,2016-05-03 16:41:02 UTC
802,76,+,42,10.7740161132813,2016-05-03 16:41:03 UTC,2016-05-03 16:41:14 UTC
803,17,/,25,1.47082153320312,2016-05-03 16:41:15 UTC,2016-05-03 16:41:17 UTC
804,33,x,20,2.3290166015625,2016-05-03 16:41:18 UTC,2016-05-03 16:41:21 UTC
805,88,+,14,4.87914721679688,2016-05-03 16:41:22 UTC,2016-05-03 16:41:27 UTC
806,52,x,12,6.32190747070312,2016-05-03 16:41:29 UTC,2016-05-03 16:41:44 UTC
807,80,+,61,2.54524658203125,2016-05-03 16:41:45 UTC,2016-05-03 16:41:48 UTC
808,64,x,6,0.0,2016-05-03 16:41:50 UTC,2016-05-03 16:41:50 UTC
809,48,-,18,3.32972412109375,2016-05-03 16:41:50 UTC,2016-05-03 16:41:53 UTC
810,71,-,24,5.252091796875,2016-05-03 16:41:55 UTC,2016-05-03 16:42:00 UTC
811,46,x,98,14.8327878417969,2016-05-03 16:42:01 UTC,2016-05-03 16:42:49 UTC
812,51,x,18,13.9308247070313,2016-05-03 16:42:51 UTC,2016-05-03 16:43:24 UTC
813,32,+,99,3.00275415039063,2016-05-03 16:43:26 UTC,2016-05-03 16:43:29 UTC
814,4,-,88,2.15323217773437,2016-05-03 16:43:31 UTC,2016-05-03 16:43:34 UTC
815,78,-,79,2.26572119140625,2016-05-03 16:43:35 UTC,2016-05-03 16:43:37 UTC
816,24,-,44,2.21396142578125,2016-05-03 16:43:39 UTC,2016-05-03 16:43:41 UTC
817,60,x,44,6.53683349609375,2016-05-03 16:43:43 UTC,2016-05-03 16:43:49 UTC
818,36,/,61,1.330515625,2016-05-03 16:43:51 UTC,2016-05-03 16:43:52 UTC
819,20,x,10,2.66568872070313,2016-05-03 16:43:54 UTC,2016-05-03 16:43:57 UTC
820,72,-,49,6.45807470703125,2016-05-03 16:43:59 UTC,2016-05-03 16:44:05 UTC
821,68,/,57,1.83440380859375,2016-05-03 16:44:06 UTC,2016-05-03 16:44:08 UTC
822,60,x,37,8.4472294921875,2016-05-03 16:44:10 UTC,2016-05-03 16:44:18 UTC
823,55,-,93,0.0,2016-05-03 16:44:20 UTC,2016-05-03 16:44:20 UTC
824,68,+,31,3.21721533203125,2016-05-03 16:44:20 UTC,2016-05-03 16:44:23 UTC
825,51,x,100,2.81759399414062,2016-05-03 16:44:25 UTC,2016-05-03 16:44:28 UTC
826,57,/,38,2.16087280273437,2016-05-03 16:44:29 UTC,2016-05-03 16:44:32 UTC
827,56,x,2,2.98753100585937,2016-05-03 16:44:33 UTC,2016-05-03 16:44:36 UTC
828,30,/,17,1.9614599609375,2016-05-03 16:44:37 UTC,2016-05-03 16:44:40 UTC
829,89,/,98,1.75084228515625,2016-05-03 16:44:41 UTC,2016-05-03 16:44:43 UTC
830,42,/,100,1.45047509765625,2016-05-03 16:44:44 UTC,2016-05-03 16:44:46 UTC
831,94,/,92,1.85447436523437,2016-05-03 16:44:48 UTC,2016-05-03 16:44:50 UTC
832,81,/,19,1.9524033203125,2016-05-03 16:44:51 UTC,2016-05-03 16:44:57 UTC
833,75,-,16,5.85367846679688,2016-05-03 16:44:58 UTC,2016-05-03 16:45:04 UTC
834,56,-,77,3.40437426757812,2016-05-03 16:45:05 UTC,2016-05-03 16:45:09 UTC
835,16,x,31,14.8386848144531,2016-05-03 16:45:10 UTC,2016-05-03 16:45:40 UTC
836,99,-,83,5.36556298828125,2016-05-03 16:45:41 UTC,2016-05-03 16:45:47 UTC
837,58,/,74,1.55321337890625,2016-05-03 16:45:48 UTC,2016-05-03 16:45:50 UTC
838,38,/,100,1.34663232421875,2016-05-03 16:45:51 UTC,2016-05-03 16:45:53 UTC
839,79,x,56,17.9443227539062,2016-05-03 16:53:08 UTC,2016-05-03 16:53:26 UTC
840,8,/,73,1.349998046875,2016-05-03 17:02:14 UTC,2016-05-03 17:02:16 UTC
841,87,/,49,2.446736328125,2016-05-03 17:02:17 UTC,2016-05-03 17:02:20 UTC
842,0,x,31,1.41078002929688,2016-05-03 17:02:21 UTC,2016-05-03 17:02:23 UTC
843,12,+,27,3.62908764648438,2016-05-03 17:02:24 UTC,2016-05-03 17:02:28 UTC
844,75,-,45,4.34359155273437,2016-05-03 17:02:29 UTC,2016-05-03 17:02:33 UTC
845,96,+,58,3.80039819335938,2016-05-03 17:02:35 UTC,2016-05-03 17:02:39 UTC
846,95,+,36,3.65549389648438,2016-05-03 17:02:40 UTC,2016-05-03 17:02:44 UTC
847,29,x,28,17.0083569335937,2016-05-03 17:02:45 UTC,2016-05-03 17:03:02 UTC
848,58,-,4,1.76540991210937,2016-05-03 17:03:04 UTC,2016-05-03 17:03:06 UTC
849,89,-,60,3.953291015625,2016-05-03 17:03:43 UTC,2016-05-03 17:03:47 UTC
850,99,/,60,1.68614404296875,2016-05-03 17:03:48 UTC,2016-05-03 17:03:50 UTC
851,64,x,99,7.93510522460937,2016-05-03 17:03:51 UTC,2016-05-03 17:04:08 UTC
852,96,/,2,4.95324877929688,2016-05-03 17:04:09 UTC,2016-05-03 17:04:15 UTC
853,20,x,45,3.329544921875,2016-05-03 17:04:16 UTC,2016-05-03 17:04:19 UTC
854,28,/,34,1.68889916992187,2016-05-03 17:04:21 UTC,2016-05-03 17:04:23 UTC
855,74,x,55,0.0,2016-05-03 17:04:24 UTC,2016-05-03 17:04:24 UTC
856,62,-,80,2.7604462890625,2016-05-03 17:04:24 UTC,2016-05-03 17:04:27 UTC
857,87,+,24,2.93615551757813,2016-05-03 17:11:08 UTC,2016-05-03 17:11:11 UTC
858,34,+,73,6.86550756835937,2016-05-03 17:11:12 UTC,2016-05-03 17:11:19 UTC
859,96,+,97,4.47689233398437,2016-05-03 17:11:21 UTC,2016-05-03 17:11:33 UTC
860,90,-,80,1.88828125,2016-05-03 17:11:34 UTC,2016-05-03 17:11:36 UTC
861,21,+,86,6.148494140625,2016-05-03 17:11:38 UTC,2016-05-03 17:11:44 UTC
862,46,x,94,19.21878125,2016-05-03 17:11:45 UTC,2016-05-03 17:12:05 UTC
863,47,+,81,6.95006030273438,2016-05-03 17:20:19 UTC,2016-05-03 17:20:58 UTC
864,60,x,2,1.82379956054688,2016-05-03 17:20:59 UTC,2016-05-03 17:21:02 UTC
865,66,x,36,33.6971215820313,2016-05-03 17:21:03 UTC,2016-05-03 17:22:00 UTC
866,31,-,21,1.74104516601562,2016-05-03 17:22:02 UTC,2016-05-03 17:22:04 UTC
867,73,/,74,1.54352954101562,2016-05-03 17:22:05 UTC,2016-05-03 17:22:07 UTC
868,83,/,23,1.80044653320312,2016-05-03 17:22:08 UTC,2016-05-03 17:22:10 UTC
869,7,/,1,1.65790649414062,2016-05-03 17:22:12 UTC,2016-05-03 17:22:13 UTC
870,10,+,71,1.7926767578125,2016-05-03 17:22:15 UTC,2016-05-03 17:22:17 UTC
871,8,-,61,2.461984375,2016-05-03 17:22:18 UTC,2016-05-03 17:22:28 UTC
872,42,/,91,1.45776953125,2016-05-03 17:22:29 UTC,2016-05-03 17:22:31 UTC
873,48,/,1,1.79358447265625,2016-05-03 17:22:32 UTC,2016-05-03 17:22:34 UTC
874,20,+,8,2.01223168945313,2016-05-03 17:22:36 UTC,2016-05-03 17:22:38 UTC
875,12,+,46,2.43527783203125,2016-05-03 17:22:39 UTC,2016-05-03 17:22:42 UTC
876,6,-,2,1.59855249023438,2016-05-03 17:22:43 UTC,2016-05-03 17:22:45 UTC
877,33,-,84,3.89463745117187,2016-05-03 17:22:46 UTC,2016-05-03 17:22:50 UTC
878,13,x,37,12.8409536132813,2016-05-03 17:22:52 UTC,2016-05-03 17:23:05 UTC
879,4,x,94,6.75731469726562,2016-05-03 17:23:06 UTC,2016-05-03 17:23:13 UTC
880,8,x,5,1.86534204101562,2016-05-03 17:23:14 UTC,2016-05-03 17:23:16 UTC
881,59,+,77,5.52061279296875,2016-05-03 17:23:19 UTC,2016-05-03 17:23:25 UTC
882,77,-,82,7.2406220703125,2016-05-03 17:23:26 UTC,2016-05-03 17:23:34 UTC
883,20,+,56,2.10628198242188,2016-05-03 17:23:35 UTC,2016-05-03 17:23:38 UTC
884,13,+,13,2.18017016601563,2016-05-03 17:23:39 UTC,2016-05-03 17:23:41 UTC
885,37,-,9,2.08466015625,2016-05-03 17:23:42 UTC,2016-05-03 17:23:45 UTC
886,40,/,68,1.33825927734375,2016-05-03 17:23:46 UTC,2016-05-03 17:23:47 UTC
887,33,x,21,3.49185009765625,2016-05-03 17:23:48 UTC,2016-05-03 17:24:01 UTC
888,46,+,39,11.3300810546875,2016-05-03 17:24:02 UTC,2016-05-03 17:24:13 UTC
889,3,-,31,3.41167944335937,2016-05-03 17:24:15 UTC,2016-05-03 17:24:18 UTC
890,59,/,5,5.126515625,2016-05-03 17:24:20 UTC,2016-05-03 17:24:25 UTC
891,90,-,42,7.73349169921875,2016-05-03 17:24:26 UTC,2016-05-03 17:24:34 UTC
892,9,x,33,6.2819150390625,2016-05-03 17:24:35 UTC,2016-05-03 17:24:42 UTC
893,8,+,39,2.33734765625,2016-05-03 17:24:43 UTC,2016-05-03 17:24:45 UTC
894,0,/,62,1.189529296875,2016-05-03 17:24:46 UTC,2016-05-03 17:24:48 UTC
895,67,-,68,2.1594970703125,2016-05-03 17:24:49 UTC,2016-05-03 17:24:51 UTC
896,47,+,64,2.04796533203125,2016-05-03 17:24:53 UTC,2016-05-03 17:25:01 UTC
897,66,+,90,2.91402172851563,2016-05-03 17:25:03 UTC,2016-05-03 17:25:06 UTC
898,23,-,64,8.17709838867187,2016-05-03 17:25:07 UTC,2016-05-03 17:25:15 UTC
899,27,-,84,12.7391428222656,2016-05-03 17:25:16 UTC,2016-05-03 17:25:29 UTC
900,26,x,33,18.5722854003906,2016-05-03 17:25:31 UTC,2016-05-03 17:25:49 UTC
901,51,x,35,14.3473969726563,2016-05-03 17:25:51 UTC,2016-05-03 17:26:05 UTC
902,9,-,67,3.18935595703125,2016-05-03 17:26:06 UTC,2016-05-03 17:26:10 UTC
903,67,/,41,1.94638818359375,2016-05-03 17:26:11 UTC,2016-05-03 17:26:13 UTC
904,83,/,82,2.29949072265625,2016-05-03 17:26:15 UTC,2016-05-03 17:26:17 UTC
905,13,-,30,2.7429658203125,2016-05-03 17:26:18 UTC,2016-05-03 17:26:21 UTC
906,7,x,54,6.99964819335938,2016-05-03 17:26:22 UTC,2016-05-03 17:26:29 UTC
907,76,x,79,13.6579030761719,2016-05-03 17:26:30 UTC,2016-05-03 17:26:44 UTC
908,51,x,27,17.2715131835938,2016-05-03 17:26:46 UTC,2016-05-03 17:27:03 UTC
909,90,-,29,3.40863256835938,2016-05-03 17:27:05 UTC,2016-05-03 17:27:08 UTC
910,77,/,84,1.54564721679687,2016-05-03 17:27:10 UTC,2016-05-03 17:27:12 UTC
911,90,+,63,2.20716674804688,2016-05-03 17:27:13 UTC,2016-05-03 17:27:15 UTC
912,72,+,38,4.20680493164063,2016-05-03 17:27:16 UTC,2016-05-03 17:27:21 UTC
913,59,x,70,7.7422373046875,2016-05-03 17:27:22 UTC,2016-05-03 17:27:30 UTC
914,84,+,13,4.73683544921875,2016-05-03 17:27:31 UTC,2016-05-03 17:27:36 UTC
915,3,-,77,2.78867211914062,2016-05-03 17:27:38 UTC,2016-05-03 17:27:41 UTC
916,33,/,89,1.39995678710937,2016-05-03 17:27:42 UTC,2016-05-03 17:27:44 UTC
917,89,-,51,6.65191577148437,2016-05-03 17:27:45 UTC,2016-05-03 17:27:52 UTC
918,92,+,77,4.66166772460937,2016-05-03 17:27:53 UTC,2016-05-03 17:28:03 UTC
919,15,x,61,15.079546875,2016-05-03 17:28:04 UTC,2016-05-03 17:28:20 UTC
920,67,+,59,8.56994140625,2016-05-03 17:28:21 UTC,2016-05-03 17:28:30 UTC
921,92,x,14,22.1553056640625,2016-05-03 17:28:31 UTC,2016-05-03 17:28:53 UTC
922,37,-,33,2.9049580078125,2016-05-03 17:28:54 UTC,2016-05-03 17:28:58 UTC
923,21,-,63,6.02602197265625,2016-05-03 17:28:59 UTC,2016-05-03 17:29:05 UTC
924,62,+,8,2.05273559570312,2016-05-03 17:29:06 UTC,2016-05-03 17:29:08 UTC
925,27,x,50,5.87378442382813,2016-05-03 17:29:09 UTC,2016-05-03 17:29:16 UTC
926,79,x,88,20.3830341796875,2016-05-03 17:29:17 UTC,2016-05-03 17:29:37 UTC
927,68,x,94,30.842302734375,2016-05-03 17:29:39 UTC,2016-05-03 17:30:10 UTC
928,45,/,27,1.95248095703125,2016-05-03 17:30:11 UTC,2016-05-03 17:30:13 UTC
929,64,/,6,1.6059638671875,2016-05-03 17:30:15 UTC,2016-05-03 17:30:24 UTC
930,48,x,37,24.2802370605469,2016-05-03 17:30:25 UTC,2016-05-03 17:31:22 UTC
931,88,-,51,4.0263173828125,2016-05-03 17:31:23 UTC,2016-05-03 17:31:27 UTC
932,82,/,30,2.1173134765625,2016-05-03 17:31:28 UTC,2016-05-03 17:31:31 UTC
933,97,-,94,2.51574194335937,2016-05-03 17:31:32 UTC,2016-05-03 17:31:35 UTC
934,28,/,66,2.06273510742187,2016-05-03 17:31:36 UTC,2016-05-03 17:31:38 UTC
935,28,-,2,1.960044921875,2016-05-03 17:31:39 UTC,2016-05-03 17:31:41 UTC
936,55,/,89,1.41302612304688,2016-05-03 17:31:42 UTC,2016-05-03 17:31:44 UTC
937,92,/,99,1.72476782226563,2016-05-03 17:31:45 UTC,2016-05-03 17:31:47 UTC
938,24,/,61,1.366453125,2016-05-03 17:31:49 UTC,2016-05-03 17:31:50 UTC
939,49,-,19,2.27928002929688,2016-05-03 17:31:51 UTC,2016-05-03 17:31:54 UTC
940,78,-,70,2.09423461914063,2016-05-03 17:31:55 UTC,2016-05-03 17:31:57 UTC
941,58,-,1,2.09928588867187,2016-05-03 17:31:58 UTC,2016-05-03 17:32:01 UTC
942,94,x,57,13.7863288574219,2016-05-03 17:32:02 UTC,2016-05-03 17:32:16 UTC
943,50,+,27,1.57206494140625,2016-05-03 17:32:19 UTC,2016-05-03 17:32:24 UTC
944,49,/,85,1.470955078125,2016-05-03 17:32:25 UTC,2016-05-03 17:32:27 UTC
945,42,-,59,4.60279638671875,2016-05-03 17:32:28 UTC,2016-05-03 17:32:53 UTC
946,2,x,88,5.644837890625,2016-05-03 17:32:54 UTC,2016-05-03 17:32:59 UTC
947,57,x,25,9.25721899414063,2016-05-03 17:33:01 UTC,2016-05-03 17:33:38 UTC
948,24,/,48,1.498443359375,2016-05-03 17:33:39 UTC,2016-05-03 17:33:41 UTC
949,28,+,7,2.41309106445313,2016-05-03 17:33:42 UTC,2016-05-03 17:33:45 UTC
950,47,/,57,1.47733837890625,2016-05-03 17:33:46 UTC,2016-05-03 17:33:48 UTC
951,11,-,7,2.65605078125,2016-05-03 17:33:49 UTC,2016-05-03 17:33:52 UTC
952,56,/,65,1.37945385742188,2016-05-03 17:33:53 UTC,2016-05-03 17:33:55 UTC
953,56,-,85,4.81150610351563,2016-05-03 17:33:56 UTC,2016-05-03 17:34:01 UTC
954,62,-,35,0.0,2016-05-03 17:34:03 UTC,2016-05-03 17:34:03 UTC
955,25,/,74,1.39818505859375,2016-05-03 17:34:03 UTC,2016-05-03 17:34:05 UTC
956,50,+,18,2.15751025390625,2016-05-03 17:34:06 UTC,2016-05-03 17:34:08 UTC
957,50,/,33,1.67147998046875,2016-05-03 17:34:10 UTC,2016-05-03 17:34:12 UTC
958,41,/,93,1.4020927734375,2016-05-03 17:34:13 UTC,2016-05-03 17:34:14 UTC
959,7,/,70,1.38524194335938,2016-05-03 17:34:16 UTC,2016-05-03 17:34:17 UTC
960,50,x,68,7.14344287109375,2016-05-03 17:34:18 UTC,2016-05-03 17:34:26 UTC
961,86,/,51,2.00012963867188,2016-05-03 17:34:27 UTC,2016-05-03 17:34:29 UTC
962,6,-,74,4.2177802734375,2016-05-03 17:34:30 UTC,2016-05-03 17:34:35 UTC
963,20,+,39,2.8299970703125,2016-05-03 17:34:36 UTC,2016-05-03 17:34:39 UTC
964,94,x,12,14.5912890625,2016-05-03 17:34:40 UTC,2016-05-03 17:34:55 UTC
965,49,+,4,2.29158081054688,2016-05-03 17:34:56 UTC,2016-05-03 17:34:59 UTC
966,30,-,46,2.70540063476562,2016-05-03 17:35:00 UTC,2016-05-03 17:35:03 UTC
967,71,/,4,1.78443994140625,2016-05-03 17:35:04 UTC,2016-05-03 17:35:21 UTC
968,82,-,3,8.725318359375,2016-05-03 17:35:22 UTC,2016-05-03 17:35:31 UTC
969,82,x,42,32.8989045410156,2016-05-03 17:35:32 UTC,2016-05-03 17:36:06 UTC
970,31,-,1,1.6031767578125,2016-05-03 17:36:07 UTC,2016-05-03 17:36:09 UTC
971,24,/,19,1.55929052734375,2016-05-03 17:36:10 UTC,2016-05-03 17:36:12 UTC
972,80,+,15,1.80382055664062,2016-05-03 17:36:13 UTC,2016-05-03 17:36:15 UTC
973,55,x,2,2.06715698242188,2016-05-03 17:36:17 UTC,2016-05-03 17:36:19 UTC
974,61,-,7,4.02537109375,2016-05-03 17:36:20 UTC,2016-05-03 17:36:24 UTC
975,27,+,62,5.38607250976562,2016-05-03 17:36:25 UTC,2016-05-03 17:36:31 UTC
976,94,x,42,14.51358984375,2016-05-03 17:36:32 UTC,2016-05-03 17:37:14 UTC
977,58,/,87,1.34551049804688,2016-05-03 17:37:15 UTC,2016-05-03 17:37:17 UTC
978,96,+,8,2.38571240234375,2016-05-03 17:37:18 UTC,2016-05-03 17:37:21 UTC
979,16,+,23,0.0,2016-05-03 17:37:23 UTC,2016-05-03 17:37:23 UTC
980,0,+,61,2.0105458984375,2016-05-03 17:37:23 UTC,2016-05-03 17:37:25 UTC
981,62,-,46,7.07630444335938,2016-05-03 17:37:26 UTC,2016-05-03 17:37:33 UTC
982,72,x,60,16.74607421875,2016-05-03 17:37:35 UTC,2016-05-03 17:37:52 UTC
983,37,/,26,1.60669702148437,2016-05-03 17:37:53 UTC,2016-05-03 17:37:55 UTC
984,74,x,84,13.3856452636719,2016-05-03 17:37:56 UTC,2016-05-03 17:38:09 UTC
985,18,-,80,6.07725756835938,2016-05-03 17:38:31 UTC,2016-05-03 17:38:37 UTC
986,73,-,25,3.75523071289062,2016-05-03 17:38:38 UTC,2016-05-03 17:38:42 UTC
987,85,x,18,20.16235546875,2016-05-03 17:38:43 UTC,2016-05-03 17:39:04 UTC
988,50,/,34,1.72030883789063,2016-05-03 17:39:05 UTC,2016-05-03 17:39:07 UTC
989,61,x,98,15.6571083984375,2016-05-03 17:39:08 UTC,2016-05-03 17:39:24 UTC
990,11,x,22,0.0,2016-05-03 17:39:25 UTC,2016-05-03 17:39:25 UTC
991,56,x,54,35.5688620605469,2016-05-03 17:39:26 UTC,2016-05-03 17:40:01 UTC
992,43,/,37,1.7251689453125,2016-05-03 17:40:03 UTC,2016-05-03 17:40:05 UTC
993,69,-,23,0.0,2016-05-03 17:40:06 UTC,2016-05-03 17:40:06 UTC
994,55,-,49,4.86861450195313,2016-05-03 17:40:06 UTC,2016-05-03 17:40:12 UTC
995,58,/,46,1.94479077148438,2016-05-03 17:40:13 UTC,2016-05-03 17:40:15 UTC
996,10,-,30,1.98469384765625,2016-05-03 17:40:16 UTC,2016-05-03 17:40:18 UTC
997,58,+,98,9.52754223632813,2016-05-03 17:40:20 UTC,2016-05-03 17:40:29 UTC
998,84,-,3,2.27173657226562,2016-05-03 17:40:31 UTC,2016-05-03 17:40:33 UTC
999,88,/,88,1.69154931640625,2016-05-03 17:40:34 UTC,2016-05-03 17:40:36 UTC
1000,95,x,78,36.4909436035156,2016-05-03 17:40:37 UTC,2016-05-03 17:41:14 UTC
1001,90,+,90,2.74290356445313,2016-05-03 17:41:15 UTC,2016-05-03 17:41:18 UTC
1002,44,x,8,4.48600927734375,2016-05-03 17:41:20 UTC,2016-05-03 17:41:25 UTC
1003,29,/,93,1.66450830078125,2016-05-03 17:45:28 UTC,2016-05-03 17:45:30 UTC
1004,10,x,31,1.98077124023437,2016-05-03 17:45:31 UTC,2016-05-03 17:45:34 UTC
1005,71,/,69,2.02512524414063,2016-05-03 17:45:35 UTC,2016-05-03 17:45:37 UTC
